uid,domainID,siteID,plotID,namedLocation,startDate,collectDate,processedDate,sampleID,sampleCode,pHSampleID,samplingProtocolVersion,horizon,soilInWaterpH,soilInCaClpH,pHSoilInWaterMass,pHWaterVol,waterpHRatio,pHSoilInCaClMass,pHCaClVol,caclpHRatio,pHRemarks,pHMeasuredBy,pHDataQF,publicationDate,release
a4dbe036-7d42-4b3a-9ff4-9e5204a30ea6,D01,HARV,HARV_034,HARV_034.basePlot.bgc,2022-10-10T13:06:00Z,2022-10-10T13:06:00Z,2022-11-01,HARV_034-O-41-20221010,A00000153429,HARV_034-O-41-20221010-PH,NEON.DOC.014048vO,O,3.39,2.65,2.6,20,7.8,2.6,40,15.6,NA,0000-0003-3463-8507,NA,20251217T193548Z,RELEASE-2026
43628e4d-eb5a-4b04-908a-7b3f1dd2ad1f,D01,HARV,HARV_034,HARV_034.basePlot.bgc,2022-10-10T13:41:00Z,2022-10-10T13:41:00Z,2022-10-21,HARV_034-O-39-20221010,A00000153430,HARV_034-O-39-20221010-PH,NEON.DOC.014048vO,O,3.74,3.06,2.6,20,7.8,2.6,40,15.6,NA,0000-0003-3463-8507,NA,20251217T193548Z,RELEASE-2026
37e6f174-3aaa-43a6-9862-b751cd001133,D01,HARV,HARV_034,HARV_034.basePlot.bgc,2022-10-10T14:07:00Z,2022-10-10T14:07:00Z,2022-10-21,HARV_034-O-21-20221010,A00000153428,HARV_034-O-21-20221010-PH,NEON.DOC.014048vO,O,3.21,2.5,2.5,20,7.9,2.5,40,15.9,NA,0000-0003-3463-8507,NA,20251217T193548Z,RELEASE-2026
217de047-d2f7-457c-b90d-db9d05edfbd0,D01,HARV,HARV_033,HARV_033.basePlot.bgc,2022-10-10T14:54:00Z,2022-10-10T14:54:00Z,2022-10-20,HARV_033-O-21-20221010,A00000153418,HARV_033-O-21-20221010-PH,NEON.DOC.014048vO,O,3.77,3.18,2.4,20,8.2,2.4,40,16.4,NA,0000-0003-3463-8507,NA,20251217T193548Z,RELEASE-2026
c470a06f-0c90-45e5-b403-1789da9d31cb,D01,HARV,HARV_033,HARV_033.basePlot.bgc,2022-10-10T15:24:00Z,2022-10-10T15:24:00Z,2022-10-20,HARV_033-O-23-20221010,A00000153419,HARV_033-O-23-20221010-PH,NEON.DOC.014048vO,O,4.04,3.48,2.5,20,8.2,2.5,40,16.3,NA,0000-0003-3463-8507,NA,20251217T193548Z,RELEASE-2026
54d06a88-db41-4a05-9a18-055aaaaac5b1,D01,HARV,HARV_033,HARV_033.basePlot.bgc,2022-10-10T16:07:00Z,2022-10-10T16:07:00Z,2022-10-20,HARV_033-O-39-20221010,A00000153420,HARV_033-O-39-20221010-PH,NEON.DOC.014048vO,O,4.01,3.46,2.5,20,7.9,2.5,40,15.7,NA,0000-0003-3463-8507,NA,20251217T193548Z,RELEASE-2026
e17a0bef-c7ae-485e-9642-7217262732af,D01,HARV,HARV_037,HARV_037.basePlot.bgc,2022-10-10T17:26:00Z,2022-10-10T17:26:00Z,2022-10-20,HARV_037-O-21-20221010,A00000153435,HARV_037-O-21-20221010-PH,NEON.DOC.014048vO,O,4.19,3.56,2.6,20,7.8,2.6,40,15.7,NA,0000-0003-3463-8507,NA,20251217T193548Z,RELEASE-2026
36c61746-207d-49e8-8f04-44de207b1d56,D01,HARV,HARV_037,HARV_037.basePlot.bgc,2022-10-10T18:06:00Z,2022-10-10T18:06:00Z,2022-10-20,HARV_037-O-39-20221010,A00000153436,HARV_037-O-39-20221010-PH,NEON.DOC.014048vO,O,3.81,3.19,2.5,20,8.1,2.5,40,16.2,NA,0000-0003-3463-8507,NA,20251217T193548Z,RELEASE-2026
751d8d21-f07a-419f-878d-ef73e62916d3,D01,HARV,HARV_037,HARV_037.basePlot.bgc,2022-10-10T18:37:00Z,2022-10-10T18:37:00Z,2022-10-20,HARV_037-O-41-20221010,A00000153434,HARV_037-O-41-20221010-PH,NEON.DOC.014048vO,O,3.85,3.19,2.5,20,8.1,2.5,40,16.1,NA,0000-0003-3463-8507,NA,20251217T193548Z,RELEASE-2026
74672990-aff9-47fc-addd-53448f183076,D01,HARV,HARV_035,HARV_035.basePlot.bgc,2022-10-10T19:24:00Z,2022-10-10T19:24:00Z,2022-10-20,HARV_035-O-41-20221010,A00000153431,HARV_035-O-41-20221010-PH,NEON.DOC.014048vO,O,3.25,2.69,2.5,20,8,2.5,40,15.9,NA,0000-0003-3463-8507,NA,20251217T193548Z,RELEASE-2026
ae3a2e75-21df-46ce-a6de-d8276044de0a,D01,HARV,HARV_035,HARV_035.basePlot.bgc,2022-10-10T19:50:00Z,2022-10-10T19:50:00Z,2022-10-21,HARV_035-O-23-20221010,A00000153433,HARV_035-O-23-20221010-PH,NEON.DOC.014048vO,O,3.34,2.79,2.5,20,8.1,2.5,40,16.2,NA,0000-0003-3463-8507,NA,20251217T193548Z,RELEASE-2026
9977c108-e343-44da-ba35-c55e97cd394e,D01,HARV,HARV_035,HARV_035.basePlot.bgc,2022-10-10T20:15:00Z,2022-10-10T20:15:00Z,2022-10-20,HARV_035-O-21-20221010,A00000153432,HARV_035-O-21-20221010-PH,NEON.DOC.014048vO,O,3.53,2.9,2.4,20,8.2,2.4,40,16.5,NA,0000-0003-3463-8507,NA,20251217T193548Z,RELEASE-2026
8cf679a4-bb00-4645-a488-0acc16fb18fb,D01,HARV,HARV_001,HARV_001.basePlot.bgc,2022-10-11T13:29:00Z,2022-10-11T13:29:00Z,2022-10-21,HARV_001-O-23-20221011,A00000153411,HARV_001-O-23-20221011-PH,NEON.DOC.014048vO,O,3.54,2.8,2.6,20,7.8,2.6,40,15.5,NA,0000-0003-3463-8507,NA,20251217T193548Z,RELEASE-2026
50f3d562-ba9d-4227-8f28-05b4a40c1a5f,D01,HARV,HARV_001,HARV_001.basePlot.bgc,2022-10-11T14:04:00Z,2022-10-11T14:04:00Z,2022-10-21,HARV_001-O-21-20221011,A00000153395,HARV_001-O-21-20221011-PH,NEON.DOC.014048vO,O,4.31,3.67,2.5,20,8,2.5,40,16,NA,0000-0003-3463-8507,NA,20251217T193548Z,RELEASE-2026
aa0f968e-a707-4781-8671-1874a5f0e2db,D01,HARV,HARV_001,HARV_001.basePlot.bgc,2022-10-11T14:45:00Z,2022-10-11T14:45:00Z,2022-10-19,HARV_001-O-39-20221011,A00000153394,HARV_001-O-39-20221011-PH,NEON.DOC.014048vO,O,3.91,3.4,2.5,20,8,2.5,40,16,NA,0000-0003-3463-8507,NA,20251217T193548Z,RELEASE-2026
fb624529-2287-4f46-838c-8f473f0df3c2,D01,HARV,HARV_013,HARV_013.basePlot.bgc,2022-10-11T15:56:00Z,2022-10-11T15:56:00Z,2022-10-20,HARV_013-O-39-20221011,A00000153404,HARV_013-O-39-20221011-PH,NEON.DOC.014048vO,O,4.03,3.33,2.6,20,7.8,2.6,40,15.5,NA,0000-0003-3463-8507,NA,20251217T193548Z,RELEASE-2026
75794aca-5bd4-4a77-af55-ffba920d37a1,D01,HARV,HARV_013,HARV_013.basePlot.bgc,2022-10-11T16:26:00Z,2022-10-11T16:26:00Z,2022-10-20,HARV_013-O-41-20221011,A00000153403,HARV_013-O-41-20221011-PH,NEON.DOC.014048vO,O,3.82,3.22,2.6,20,7.8,2.6,40,15.7,NA,0000-0003-3463-8507,NA,20251217T193548Z,RELEASE-2026
7a164659-c397-4a17-a4a5-c0419ae0d5b8,D01,HARV,HARV_013,HARV_013.basePlot.bgc,2022-10-11T16:49:00Z,2022-10-11T16:49:00Z,2022-10-20,HARV_013-O-23-20221011,A00000153402,HARV_013-O-23-20221011-PH,NEON.DOC.014048vO,O,4.38,3.75,2.6,20,7.8,2.6,40,15.6,NA,0000-0003-3463-8507,NA,20251217T193548Z,RELEASE-2026
e2c787b1-0e58-448f-852a-6f4b605654b4,D01,HARV,HARV_002,HARV_002.basePlot.bgc,2022-10-12T13:01:00Z,2022-10-12T13:01:00Z,2022-10-21,HARV_002-O-39-20221012,A00000153396,HARV_002-O-39-20221012-PH,NEON.DOC.014048vO,O,3.76,3,2.5,20,7.9,2.5,40,15.7,NA,0000-0003-3463-8507,NA,20251217T193548Z,RELEASE-2026
fc7dfb55-065f-4445-8f96-a3c2c1cf6c87,D01,HARV,HARV_002,HARV_002.basePlot.bgc,2022-10-12T13:07:00Z,2022-10-12T13:07:00Z,2022-10-21,HARV_002-O-23-20221012,A00000153412,HARV_002-O-23-20221012-PH,NEON.DOC.014048vO,O,4.12,3.73,2.5,20,7.9,2.5,40,15.9,NA,0000-0003-3463-8507,NA,20251217T193548Z,RELEASE-2026
d1f5f374-6fb6-48cc-8f0f-42dac9ad7066,D01,HARV,HARV_002,HARV_002.basePlot.bgc,2022-10-12T13:37:00Z,2022-10-12T13:37:00Z,2022-10-21,HARV_002-O-41-20221012,A00000153413,HARV_002-O-41-20221012-PH,NEON.DOC.014048vO,O,4.25,3.55,2.6,20,7.8,2.6,40,15.6,NA,0000-0003-3463-8507,NA,20251217T193548Z,RELEASE-2026
3a2ba2a5-4169-44d8-93cd-7e850ace6d16,D01,HARV,HARV_005,HARV_005.basePlot.bgc,2022-10-12T15:35:00Z,2022-10-12T15:35:00Z,2022-10-21,HARV_005-O-21-20221012,A00000153401,HARV_005-O-21-20221012-PH,NEON.DOC.014048vO,O,4.35,3.55,2.5,20,7.9,2.5,40,15.7,NA,0000-0003-3463-8507,NA,20251217T193548Z,RELEASE-2026
a5d7ea45-2c7d-42fd-954a-8bd9bc892b3c,D01,HARV,HARV_005,HARV_005.basePlot.bgc,2022-10-12T16:06:00Z,2022-10-12T16:06:00Z,2022-10-21,HARV_005-O-39-20221012,A00000153400,HARV_005-O-39-20221012-PH,NEON.DOC.014048vO,O,4.24,3.45,2.5,20,7.9,2.5,40,15.8,NA,0000-0003-3463-8507,NA,20251217T193548Z,RELEASE-2026
e489f56d-9eb9-4746-a62f-2d12cad877e9,D01,HARV,HARV_005,HARV_005.basePlot.bgc,2022-10-12T16:27:00Z,2022-10-12T16:27:00Z,2022-10-21,HARV_005-O-41-20221012,A00000153399,HARV_005-O-41-20221012-PH,NEON.DOC.014048vO,O,3.35,2.81,2.6,20,7.7,2.6,40,15.4,NA,0000-0003-3463-8507,NA,20251217T193548Z,RELEASE-2026
197e1e3e-be2a-4900-b591-478befa21dc2,D01,HARV,HARV_021,HARV_021.basePlot.bgc,2022-10-12T17:19:00Z,2022-10-12T17:19:00Z,2022-10-21,HARV_021-O-39-20221012,A00000153416,HARV_021-O-39-20221012-PH,NEON.DOC.014048vO,O,3.77,3.03,2.6,20,7.8,2.6,40,15.7,NA,0000-0003-3463-8507,NA,20251217T193548Z,RELEASE-2026
a807651d-2a20-4366-b180-c0053c5d550a,D01,HARV,HARV_021,HARV_021.basePlot.bgc,2022-10-12T17:36:00Z,2022-10-12T17:36:00Z,2022-10-21,HARV_021-O-21-20221012,A00000153415,HARV_021-O-21-20221012-PH,NEON.DOC.014048vO,O,3.15,2.6,2.6,20,7.8,2.6,40,15.7,NA,0000-0003-3463-8507,NA,20251217T193548Z,RELEASE-2026
a89764c3-8ea4-4cca-a3ca-24ffaa24bac3,D01,HARV,HARV_021,HARV_021.basePlot.bgc,2022-10-12T17:59:00Z,2022-10-12T17:59:00Z,2022-10-21,HARV_021-O-41-20221012,A00000153417,HARV_021-O-41-20221012-PH,NEON.DOC.014048vO,O,4.03,3.19,2.5,20,8.1,2.5,40,16.2,NA,0000-0003-3463-8507,NA,20251217T193548Z,RELEASE-2026
7aa333a0-7a38-4501-ad5b-16e6162b3461,D01,HARV,HARV_004,HARV_004.basePlot.bgc,2022-10-13T13:21:00Z,2022-10-13T13:21:00Z,2022-10-20,HARV_004-O-21-20221013,A00000153397,HARV_004-O-21-20221013-PH,NEON.DOC.014048vO,O,3.92,3.27,2.5,20,8.1,2.5,40,16.1,NA,0000-0003-3463-8507,NA,20251217T193548Z,RELEASE-2026
0b430b13-e816-4ee2-b935-cab4fe4c863f,D01,HARV,HARV_004,HARV_004.basePlot.bgc,2022-10-13T13:39:00Z,2022-10-13T13:39:00Z,2022-10-20,HARV_004-O-23-20221013,A00000153398,HARV_004-O-23-20221013-PH,NEON.DOC.014048vO,O,4.15,3.5,2.6,20,7.8,2.6,40,15.6,NA,0000-0003-3463-8507,NA,20251217T193548Z,RELEASE-2026
99332218-5605-4015-bcbc-194e2949352a,D01,HARV,HARV_004,HARV_004.basePlot.bgc,2022-10-13T14:05:00Z,2022-10-13T14:05:00Z,2022-10-20,HARV_004-O-39-20221013,A00000153414,HARV_004-O-39-20221013-PH,NEON.DOC.014048vO,O,3.8,3.52,2.6,20,7.8,2.6,40,15.6,NA,0000-0003-3463-8507,NA,20251217T193548Z,RELEASE-2026
a2b659be-db47-448a-8fc0-eaf1c42145a0,D01,HARV,HARV_033,HARV_033.basePlot.bgc,2022-04-15T12:47:00Z,2022-04-15T12:47:00Z,2022-05-06,HARV_033-O-39-20220415,A00000152994,HARV_033-O-39-20220415-PH,NEON.DOC.014048vO,O,4.09,3.32,2.5,20,8.1,2.5,40,16.2,NA,0000-0003-3463-8507,NA,20251217T193919Z,RELEASE-2026
e65997f7-3b63-470e-9500-b6b44a0a2e8e,D01,HARV,HARV_033,HARV_033.basePlot.bgc,2022-04-15T13:20:00Z,2022-04-15T13:20:00Z,2022-05-06,HARV_033-O-41-20220415,A00000152992,HARV_033-O-41-20220415-PH,NEON.DOC.014048vO,O,4.14,3.43,2.5,20,8.1,2.5,40,16.3,NA,0000-0003-3463-8507,NA,20251217T193919Z,RELEASE-2026
c8a44dba-2925-43df-b36e-4b22e48c5dd6,D01,HARV,HARV_033,HARV_033.basePlot.bgc,2022-04-15T13:36:00Z,2022-04-15T13:36:00Z,2022-05-06,HARV_033-O-23-20220415,A00000152993,HARV_033-O-23-20220415-PH,NEON.DOC.014048vO,O,4.04,3.35,1.7,20,11.8,1.7,40,23.7,NA,0000-0003-3463-8507,NA,20251217T193919Z,RELEASE-2026
5e7d70c0-d7df-4476-af91-b027b8c89c48,D01,HARV,HARV_035,HARV_035.basePlot.bgc,2022-04-15T14:19:00Z,2022-04-15T14:19:00Z,2022-05-09,HARV_035-O-21-20220415,A00000153453,HARV_035-O-21-20220415-PH,NEON.DOC.014048vO,O,3.29,2.75,2.5,20,7.9,2.5,40,15.9,NA,0000-0003-3463-8507,NA,20251217T193919Z,RELEASE-2026
fd1073dc-10f8-4ebc-bc1d-2e503dd19fa3,D01,HARV,HARV_035,HARV_035.basePlot.bgc,2022-04-15T14:38:00Z,2022-04-15T14:38:00Z,2022-05-09,HARV_035-O-39-20220415,A00000153455,HARV_035-O-39-20220415-PH,NEON.DOC.014048vO,O,3.27,2.8,2.4,20,8.2,2.4,40,16.5,NA,0000-0003-3463-8507,NA,20251217T193919Z,RELEASE-2026
3deb546c-bc54-42df-9e4d-789e1c722323,D01,HARV,HARV_035,HARV_035.basePlot.bgc,2022-04-15T14:58:00Z,2022-04-15T14:58:00Z,2022-05-09,HARV_035-O-41-20220415,A00000153454,HARV_035-O-41-20220415-PH,NEON.DOC.014048vO,O,3.19,2.61,2.5,20,7.9,2.5,40,15.7,NA,0000-0003-3463-8507,NA,20251217T193919Z,RELEASE-2026
bc7bb93e-023b-4e8b-8f3a-fdc4652912a5,D01,HARV,HARV_037,HARV_037.basePlot.bgc,2022-04-15T16:12:00Z,2022-04-15T16:12:00Z,2022-05-06,HARV_037-O-39-20220415,A00000153460,HARV_037-O-39-20220415-PH,NEON.DOC.014048vO,O,3.54,2.92,2.5,20,8.1,2.5,40,16.3,NA,0000-0003-3463-8507,NA,20251217T193919Z,RELEASE-2026
aa0b10a1-357a-49da-87f1-4637516460eb,D01,HARV,HARV_037,HARV_037.basePlot.bgc,2022-04-15T16:39:00Z,2022-04-15T16:39:00Z,2022-05-06,HARV_037-O-23-20220415,A00000153461,HARV_037-O-23-20220415-PH,NEON.DOC.014048vO,O,3.66,3,2.4,20,8.3,2.4,40,16.7,NA,0000-0003-3463-8507,NA,20251217T193919Z,RELEASE-2026
eb2452f1-24f5-4ab2-bfcb-3d8c4286487a,D01,HARV,HARV_037,HARV_037.basePlot.bgc,2022-04-15T16:59:00Z,2022-04-15T16:59:00Z,2022-05-06,HARV_037-O-41-20220415,A00000153459,HARV_037-O-41-20220415-PH,NEON.DOC.014048vO,O,3.65,3.18,2.4,20,8.2,2.4,40,16.4,NA,0000-0003-3463-8507,NA,20251217T193919Z,RELEASE-2026
f0915746-37de-412a-9827-636d2a1cef9c,D01,HARV,HARV_034,HARV_034.basePlot.bgc,2022-04-15T17:28:00Z,2022-04-15T17:28:00Z,2022-05-06,HARV_034-O-41-20220415,A00000153458,HARV_034-O-41-20220415-PH,NEON.DOC.014048vO,O,3.17,2.58,2.6,20,7.8,2.6,40,15.6,NA,0000-0003-3463-8507,NA,20251217T193919Z,RELEASE-2026
a410e54c-542a-4fed-bf79-4111009e95e6,D01,HARV,HARV_034,HARV_034.basePlot.bgc,2022-04-15T17:47:00Z,2022-04-15T17:47:00Z,2022-05-06,HARV_034-O-39-20220415,A00000152995,HARV_034-O-39-20220415-PH,NEON.DOC.014048vO,O,4.07,3.34,2,20,10.2,2,40,20.3,NA,0000-0003-3463-8507,NA,20251217T193919Z,RELEASE-2026
81012722-26bb-4ebb-9455-442b52dcaad9,D01,HARV,HARV_034,HARV_034.basePlot.bgc,2022-04-15T18:11:00Z,2022-04-15T18:11:00Z,2022-05-06,HARV_034-O-21-20220415,A00000153456,HARV_034-O-21-20220415-PH,NEON.DOC.014048vO,O,3.53,2.82,2.4,20,8.3,2.4,40,16.6,NA,0000-0003-3463-8507,NA,20251217T193919Z,RELEASE-2026
cc453694-a823-4fb9-b5a2-3ffa9ce04327,D01,HARV,HARV_013,HARV_013.basePlot.bgc,2022-04-16T13:34:00Z,2022-04-16T13:34:00Z,2022-05-09,HARV_013-O-39-20220416,A00000153007,HARV_013-O-39-20220416-PH,NEON.DOC.014048vO,O,4.71,4.03,2.4,20,8.2,2.4,40,16.5,NA,0000-0003-3463-8507,NA,20251217T193919Z,RELEASE-2026
75a928df-874e-4a9e-90da-0695fdfc7e4f,D01,HARV,HARV_013,HARV_013.basePlot.bgc,2022-04-16T14:25:00Z,2022-04-16T14:25:00Z,2022-05-09,HARV_013-O-41-20220416,A00000153005,HARV_013-O-41-20220416-PH,NEON.DOC.014048vO,O,3.96,3.42,2.4,20,8.3,2.4,40,16.5,NA,0000-0003-3463-8507,NA,20251217T193919Z,RELEASE-2026
2d738872-1bf7-43fe-926c-3b9de2daa17b,D01,HARV,HARV_013,HARV_013.basePlot.bgc,2022-04-16T15:00:00Z,2022-04-16T15:00:00Z,2022-05-09,HARV_013-O-21-20220416,A00000153006,HARV_013-O-21-20220416-PH,NEON.DOC.014048vO,O,4.08,3.45,2.5,20,7.9,2.5,40,15.7,NA,0000-0003-3463-8507,NA,20251217T193919Z,RELEASE-2026
97af3743-a989-47a8-a47e-037a04a21b0f,D01,HARV,HARV_004,HARV_004.basePlot.bgc,2022-04-16T16:15:00Z,2022-04-16T16:15:00Z,2022-05-09,HARV_004-O-39-20220416,A00000153021,HARV_004-O-39-20220416-PH,NEON.DOC.014048vO,O,4.18,3.49,2.5,20,7.9,2.5,40,15.8,NA,0000-0003-3463-8507,NA,20251217T193919Z,RELEASE-2026
9b25c58c-592c-4cba-872b-9f765afb0da0,D01,HARV,HARV_004,HARV_004.basePlot.bgc,2022-04-16T16:39:00Z,2022-04-16T16:39:00Z,2022-05-09,HARV_004-O-41-20220416,A00000153071,HARV_004-O-41-20220416-PH,NEON.DOC.014048vO,O,4.62,4,2.4,20,8.2,2.4,40,16.4,NA,0000-0003-3463-8507,NA,20251217T193919Z,RELEASE-2026
90b527d5-e8f4-45f4-9881-3366c4f6e9dd,D01,HARV,HARV_004,HARV_004.basePlot.bgc,2022-04-16T16:47:00Z,2022-04-16T16:47:00Z,2022-05-09,HARV_004-O-23-20220416,A00000153070,HARV_004-O-23-20220416-PH,NEON.DOC.014048vO,O,4.59,3.92,2.4,20,8.2,2.4,40,16.5,NA,0000-0003-3463-8507,NA,20251217T193919Z,RELEASE-2026
e6d67fa4-1c1a-4da5-9405-b51228f03bd7,D01,HARV,HARV_021,HARV_021.basePlot.bgc,2022-04-17T15:01:00Z,2022-04-17T15:01:00Z,2022-05-06,HARV_021-O-39-20220417,A00000153008,HARV_021-O-39-20220417-PH,NEON.DOC.014048vO,O,3.42,2.85,2.5,20,8,2.5,40,16,NA,0000-0003-3463-8507,NA,20251217T193919Z,RELEASE-2026
6e128a6d-58ae-4d4f-a335-109f97864ace,D01,HARV,HARV_021,HARV_021.basePlot.bgc,2022-04-17T15:30:00Z,2022-04-17T15:30:00Z,2022-05-06,HARV_021-O-41-20220417,A00000153009,HARV_021-O-41-20220417-PH,NEON.DOC.014048vO,O,3.6,3.05,2.5,20,7.9,2.5,40,15.7,NA,0000-0003-3463-8507,NA,20251217T193919Z,RELEASE-2026
73a0b59e-9df6-44cb-8b51-051e3e246afc,D01,HARV,HARV_021,HARV_021.basePlot.bgc,2022-04-17T15:50:00Z,2022-04-17T15:50:00Z,2022-05-06,HARV_021-O-23-20220417,A00000153010,HARV_021-O-23-20220417-PH,NEON.DOC.014048vO,O,3.56,2.96,2.5,20,8.1,2.5,40,16.1,NA,0000-0003-3463-8507,NA,20251217T193919Z,RELEASE-2026
0c0e0f61-f753-4c2a-bca4-a408ca388d63,D01,HARV,HARV_001,HARV_001.basePlot.bgc,2022-04-17T17:34:00Z,2022-04-17T17:34:00Z,2022-05-06,HARV_001-O-41-20220417,A00000153382,HARV_001-O-41-20220417-PH,NEON.DOC.014048vO,O,4.91,4.06,2.5,20,8.1,2.5,40,16.3,NA,0000-0003-3463-8507,NA,20251217T193919Z,RELEASE-2026
b7cd2684-fd07-4126-90b8-507c5e8aed60,D01,HARV,HARV_001,HARV_001.basePlot.bgc,2022-04-17T18:00:00Z,2022-04-17T18:00:00Z,2022-05-06,HARV_001-O-23-20220417,A00000152991,HARV_001-O-23-20220417-PH,NEON.DOC.014048vO,O,4.51,3.77,2.5,20,7.9,2.5,40,15.8,NA,0000-0003-3463-8507,NA,20251217T193919Z,RELEASE-2026
c40407d2-61e4-463c-9fa6-93b44475be30,D01,HARV,HARV_001,HARV_001.basePlot.bgc,2022-04-17T18:37:00Z,2022-04-17T18:37:00Z,2022-05-06,HARV_001-O-21-20220417,A00000153053,HARV_001-O-21-20220417-PH,NEON.DOC.014048vO,O,3.67,3.19,2.3,20,8.9,2.3,40,17.8,NA,0000-0003-3463-8507,NA,20251217T193919Z,RELEASE-2026
dca5d32b-d646-4e3b-bbcd-a98c5509ea2c,D01,HARV,HARV_002,HARV_002.basePlot.bgc,2022-04-18T15:39:00Z,2022-04-18T15:39:00Z,2022-05-06,HARV_002-O-21-20220418,A00000153054,HARV_002-O-21-20220418-PH,NEON.DOC.014048vO,O,3.87,3.4,2.5,20,7.9,2.5,40,15.9,NA,0000-0003-3463-8507,NA,20251217T193919Z,RELEASE-2026
f6aaae04-05f8-4183-931c-c959caedb5c6,D01,HARV,HARV_002,HARV_002.basePlot.bgc,2022-04-18T16:26:00Z,2022-04-18T16:26:00Z,2022-05-06,HARV_002-O-23-20220418,A00000153055,HARV_002-O-23-20220418-PH,NEON.DOC.014048vO,O,4.31,3.73,2.4,20,8.3,2.4,40,16.7,NA,0000-0003-3463-8507,NA,20251217T193919Z,RELEASE-2026
d2de6bbe-5517-410f-8643-eb2b313a5d8d,D01,HARV,HARV_002,HARV_002.basePlot.bgc,2022-04-18T16:53:00Z,2022-04-18T16:53:00Z,2022-05-06,HARV_002-O-39-20220418,A00000153069,HARV_002-O-39-20220418-PH,NEON.DOC.014048vO,O,4.28,3.65,2.4,20,8.2,2.4,40,16.5,NA,0000-0003-3463-8507,NA,20251217T193919Z,RELEASE-2026
508931b5-e369-4664-bb31-a1e32c928e97,D01,HARV,HARV_005,HARV_005.basePlot.bgc,2022-04-18T19:21:00Z,2022-04-18T19:21:00Z,2022-05-06,HARV_005-O-39-20220418,A00000153024,HARV_005-O-39-20220418-PH,NEON.DOC.014048vO,O,4.35,3.81,2.4,20,8.3,2.4,40,16.7,NA,0000-0003-3463-8507,NA,20251217T193919Z,RELEASE-2026
90335f92-fb09-41cc-b9c1-efe7fc79a157,D01,HARV,HARV_005,HARV_005.basePlot.bgc,2022-04-18T19:30:00Z,2022-04-18T19:30:00Z,2022-05-06,HARV_005-O-21-20220418,A00000153023,HARV_005-O-21-20220418-PH,NEON.DOC.014048vO,O,4.05,3.61,2.6,20,7.8,2.6,40,15.6,NA,0000-0003-3463-8507,NA,20251217T193919Z,RELEASE-2026
01a885fb-a3f5-45ed-bc72-f9f35b28a917,D01,HARV,HARV_005,HARV_005.basePlot.bgc,2022-04-18T20:00:00Z,2022-04-18T20:00:00Z,2022-05-06,HARV_005-O-23-20220418,A00000153022,HARV_005-O-23-20220418-PH,NEON.DOC.014048vO,O,3.91,3.4,2,20,9.9,2,40,19.7,NA,0000-0003-3463-8507,NA,20251217T193919Z,RELEASE-2026
a4608eb8-a9d9-4f89-bb69-4cc677957c4e,D01,HARV,HARV_035,HARV_035.basePlot.bgc,2022-07-05T13:22:00Z,2022-07-05T13:22:00Z,2022-08-08,HARV_035-O-41-20220705,A00000153424,HARV_035-O-41-20220705-PH,NEON.DOC.014048vO,O,3.59,2.97,2.5,20,8,2.5,40,16,NA,0000-0003-3463-8507,NA,20251217T193916Z,RELEASE-2026
39347ed9-852e-4c64-a460-2f05e33df27b,D01,HARV,HARV_035,HARV_035.basePlot.bgc,2022-07-05T13:59:00Z,2022-07-05T13:59:00Z,2022-08-08,HARV_035-O-39-20220705,A00000153423,HARV_035-O-39-20220705-PH,NEON.DOC.014048vO,O,3.62,3.08,2.6,20,7.7,2.6,40,15.4,NA,0000-0003-3463-8507,NA,20251217T193916Z,RELEASE-2026
80cb0fce-5c0c-480f-8c82-64f5f5fdf006,D01,HARV,HARV_035,HARV_035.basePlot.bgc,2022-07-05T14:23:00Z,2022-07-05T14:23:00Z,2022-08-08,HARV_035-O-23-20220705,A00000153422,HARV_035-O-23-20220705-PH,NEON.DOC.014048vO,O,3.72,3.09,2.5,20,8,2.5,40,15.9,NA,0000-0003-3463-8507,NA,20251217T193916Z,RELEASE-2026
c39b1737-1d30-44f5-8ad7-68858dc6d9ef,D01,HARV,HARV_033,HARV_033.basePlot.bgc,2022-07-05T15:15:00Z,2022-07-05T15:15:00Z,2022-08-08,HARV_033-O-39-20220705,A00000153385,HARV_033-O-39-20220705-PH,NEON.DOC.014048vO,O,3.68,3,2.6,20,7.8,2.6,40,15.6,NA,0000-0003-3463-8507,NA,20251217T193916Z,RELEASE-2026
48077333-5f85-4a7c-a1ff-b70f840e4c18,D01,HARV,HARV_033,HARV_033.basePlot.bgc,2022-07-05T15:45:00Z,2022-07-05T15:45:00Z,2022-08-08,HARV_033-O-41-20220705,A00000153384,HARV_033-O-41-20220705-PH,NEON.DOC.014048vO,O,3.76,3.13,2.5,20,7.9,2.5,40,15.7,NA,0000-0003-3463-8507,NA,20251217T193916Z,RELEASE-2026
f44d0580-1b38-49ed-be14-86aa97500c50,D01,HARV,HARV_033,HARV_033.basePlot.bgc,2022-07-05T16:16:00Z,2022-07-05T16:16:00Z,2022-08-08,HARV_033-O-21-20220705,A00000153383,HARV_033-O-21-20220705-PH,NEON.DOC.014048vO,O,3.73,3.21,2.6,20,7.8,2.6,40,15.6,NA,0000-0003-3463-8507,NA,20251217T193916Z,RELEASE-2026
c8d2b41d-c375-4ef7-b5ef-a99a8372c45c,D01,HARV,HARV_034,HARV_034.basePlot.bgc,2022-07-05T17:22:00Z,2022-07-05T17:22:00Z,2022-08-08,HARV_034-O-39-20220705,A00000153421,HARV_034-O-39-20220705-PH,NEON.DOC.014048vO,O,3.61,2.93,2.5,20,7.9,2.5,40,15.9,NA,0000-0003-3463-8507,NA,20251217T193916Z,RELEASE-2026
79c99f0d-94e7-408e-bfb7-c0f619900da9,D01,HARV,HARV_034,HARV_034.basePlot.bgc,2022-07-05T18:00:00Z,2022-07-05T18:00:00Z,2022-08-08,HARV_034-O-41-20220705,A00000153386,HARV_034-O-41-20220705-PH,NEON.DOC.014048vO,O,3.33,2.71,2.6,20,7.8,2.6,40,15.6,NA,0000-0003-3463-8507,NA,20251217T193916Z,RELEASE-2026
4f0be36b-1b3d-43ef-8b47-aa6aa3d93d28,D01,HARV,HARV_034,HARV_034.basePlot.bgc,2022-07-05T18:28:00Z,2022-07-05T18:28:00Z,2022-08-08,HARV_034-O-21-20220705,A00000153387,HARV_034-O-21-20220705-PH,NEON.DOC.014048vO,O,3.59,2.94,2.5,20,8,2.5,40,16,NA,0000-0003-3463-8507,NA,20251217T193916Z,RELEASE-2026
2348943f-40b1-402a-a268-a48a0b9a84c3,D01,HARV,HARV_037,HARV_037.basePlot.bgc,2022-07-05T19:09:00Z,2022-07-05T19:09:00Z,2022-08-08,HARV_037-O-21-20220705,A00000153440,HARV_037-O-21-20220705-PH,NEON.DOC.014048vO,O,3.69,3.12,2.5,20,7.9,2.5,40,15.9,NA,0000-0003-3463-8507,NA,20251217T193916Z,RELEASE-2026
8e5d7156-5c28-403f-9b4b-9da45d4e1d0f,D01,HARV,HARV_037,HARV_037.basePlot.bgc,2022-07-05T19:33:00Z,2022-07-05T19:33:00Z,2022-08-08,HARV_037-O-23-20220705,A00000153441,HARV_037-O-23-20220705-PH,NEON.DOC.014048vO,O,3.57,2.99,2.5,20,7.9,2.5,40,15.7,NA,0000-0003-3463-8507,NA,20251217T193916Z,RELEASE-2026
1c60391d-91c4-47c2-881f-c4b632498104,D01,HARV,HARV_037,HARV_037.basePlot.bgc,2022-07-05T19:59:00Z,2022-07-05T19:59:00Z,2022-08-08,HARV_037-O-41-20220705,A00000153442,HARV_037-O-41-20220705-PH,NEON.DOC.014048vO,O,3.51,3.1,2.5,20,8,2.5,40,15.9,NA,0000-0003-3463-8507,NA,20251217T193916Z,RELEASE-2026
9bcd39e9-88cb-4427-84a0-aea14d3cf4ad,D01,HARV,HARV_013,HARV_013.basePlot.bgc,2022-07-06T17:29:00Z,2022-07-06T17:29:00Z,2022-08-08,HARV_013-O-41-20220706,A00000153425,HARV_013-O-41-20220706-PH,NEON.DOC.014048vO,O,3.92,3.34,2.5,20,7.9,2.5,40,15.9,NA,0000-0003-3463-8507,NA,20251217T193916Z,RELEASE-2026
4f671d7d-e235-47cb-af5f-1755595a1a03,D01,HARV,HARV_013,HARV_013.basePlot.bgc,2022-07-06T17:58:00Z,2022-07-06T17:58:00Z,2022-08-08,HARV_013-O-23-20220706,A00000153426,HARV_013-O-23-20220706-PH,NEON.DOC.014048vO,O,4.26,3.75,2.5,20,8,2.5,40,15.9,NA,0000-0003-3463-8507,NA,20251217T193916Z,RELEASE-2026
1a819c05-93ca-484a-b9be-dedd5d440e34,D01,HARV,HARV_013,HARV_013.basePlot.bgc,2022-07-06T18:23:00Z,2022-07-06T18:23:00Z,2022-08-08,HARV_013-O-21-20220706,A00000153427,HARV_013-O-21-20220706-PH,NEON.DOC.014048vO,O,3.74,3.2,2.6,20,7.7,2.6,40,15.4,NA,0000-0003-3463-8507,NA,20251217T193916Z,RELEASE-2026
cb5508b3-d85a-4b41-b778-fc4296b927f2,D01,HARV,HARV_004,HARV_004.basePlot.bgc,2022-07-06T19:41:00Z,2022-07-06T19:41:00Z,2022-08-08,HARV_004-O-21-20220706,A00000153448,HARV_004-O-21-20220706-PH,NEON.DOC.014048vO,O,3.8,3.16,2.6,20,7.7,2.6,40,15.4,NA,0000-0003-3463-8507,NA,20251217T193916Z,RELEASE-2026
1be67fdd-4392-4945-93f4-c0ac9671bc96,D01,HARV,HARV_004,HARV_004.basePlot.bgc,2022-07-06T20:02:00Z,2022-07-06T20:02:00Z,2022-08-08,HARV_004-O-23-20220706,A00000153447,HARV_004-O-23-20220706-PH,NEON.DOC.014048vO,O,4.36,3.76,2.6,20,7.7,2.6,40,15.4,NA,0000-0003-3463-8507,NA,20251217T193916Z,RELEASE-2026
3c4a6cdb-5293-4703-865f-8080783d7e5c,D01,HARV,HARV_004,HARV_004.basePlot.bgc,2022-07-06T20:26:00Z,2022-07-06T20:26:00Z,2022-08-08,HARV_004-O-41-20220706,A00000153446,HARV_004-O-41-20220706-PH,NEON.DOC.014048vO,O,4.9,4.04,2.5,20,7.9,2.5,40,15.8,NA,0000-0003-3463-8507,NA,20251217T193916Z,RELEASE-2026
f881ff7e-3d61-4a44-b752-5d71f1479c16,D01,HARV,HARV_005,HARV_005.basePlot.bgc,2022-07-07T13:56:00Z,2022-07-07T13:56:00Z,2022-08-08,HARV_005-O-23-20220707,A00000153444,HARV_005-O-23-20220707-PH,NEON.DOC.014048vO,O,4.62,3.69,2.5,20,7.9,2.5,40,15.8,NA,0000-0003-3463-8507,NA,20251217T193916Z,RELEASE-2026
a8dd08ad-fc6b-493f-bba0-4a564c8f81f3,D01,HARV,HARV_005,HARV_005.basePlot.bgc,2022-07-07T14:26:00Z,2022-07-07T14:26:00Z,2022-08-08,HARV_005-O-41-20220707,A00000153445,HARV_005-O-41-20220707-PH,NEON.DOC.014048vO,O,3.65,3.28,2.5,20,8,2.5,40,16,NA,0000-0003-3463-8507,NA,20251217T193916Z,RELEASE-2026
4016ffc8-a9f3-44e8-a1b0-93bffad4d03b,D01,HARV,HARV_005,HARV_005.basePlot.bgc,2022-07-07T14:48:00Z,2022-07-07T14:48:00Z,2022-08-08,HARV_005-O-39-20220707,A00000153443,HARV_005-O-39-20220707-PH,NEON.DOC.014048vO,O,4.29,3.6,2.6,20,7.7,2.6,40,15.4,NA,0000-0003-3463-8507,NA,20251217T193916Z,RELEASE-2026
971c1d54-639e-47c7-ab6e-c5ec8f7979a8,D01,HARV,HARV_002,HARV_002.basePlot.bgc,2022-07-07T16:58:00Z,2022-07-07T16:58:00Z,2022-08-08,HARV_002-O-39-20220707,A00000153437,HARV_002-O-39-20220707-PH,NEON.DOC.014048vO,O,4.05,3.26,2.6,20,7.7,2.6,40,15.4,NA,0000-0003-3463-8507,NA,20251217T193916Z,RELEASE-2026
9c36923d-7d9c-491d-80ba-77912ed22e71,D01,HARV,HARV_002,HARV_002.basePlot.bgc,2022-07-07T17:17:00Z,2022-07-07T17:17:00Z,2022-08-08,HARV_002-O-41-20220707,A00000153438,HARV_002-O-41-20220707-PH,NEON.DOC.014048vO,O,3.61,3.11,2.5,20,7.9,2.5,40,15.8,NA,0000-0003-3463-8507,NA,20251217T193916Z,RELEASE-2026
1f868dc6-5448-47ed-8541-1ffab015dfcf,D01,HARV,HARV_002,HARV_002.basePlot.bgc,2022-07-07T17:36:00Z,2022-07-07T17:36:00Z,2022-08-08,HARV_002-O-23-20220707,A00000153439,HARV_002-O-23-20220707-PH,NEON.DOC.014048vO,O,4.48,3.83,2.5,20,7.9,2.5,40,15.8,NA,0000-0003-3463-8507,NA,20251217T193916Z,RELEASE-2026
fee69a44-7f34-42dd-9aea-82ff17b71472,D01,HARV,HARV_021,HARV_021.basePlot.bgc,2022-07-07T18:27:00Z,2022-07-07T18:27:00Z,2022-08-08,HARV_021-O-39-20220707,A00000153462,HARV_021-O-39-20220707-PH,NEON.DOC.014048vO,O,3.79,3.14,2.6,20,7.8,2.6,40,15.7,NA,0000-0003-3463-8507,NA,20251217T193916Z,RELEASE-2026
d23a6afd-b1ee-4684-9568-4327410d053b,D01,HARV,HARV_021,HARV_021.basePlot.bgc,2022-07-07T18:43:00Z,2022-07-07T18:43:00Z,2022-08-08,HARV_021-O-21-20220707,A00000153464,HARV_021-O-21-20220707-PH,NEON.DOC.014048vO,O,3.35,2.8,2.6,20,7.8,2.6,40,15.6,NA,0000-0003-3463-8507,NA,20251217T193916Z,RELEASE-2026
33a656c3-2d56-4a09-8308-b96ec1f44c3c,D01,HARV,HARV_021,HARV_021.basePlot.bgc,2022-07-07T19:07:00Z,2022-07-07T19:07:00Z,2022-08-08,HARV_021-O-23-20220707,A00000153463,HARV_021-O-23-20220707-PH,NEON.DOC.014048vO,O,3.3,2.75,2.6,20,7.8,2.6,40,15.6,NA,0000-0003-3463-8507,NA,20251217T193916Z,RELEASE-2026
fe8d9375-af2d-4d1d-b679-b71af99b6b57,D01,HARV,HARV_001,HARV_001.basePlot.bgc,2022-07-08T17:07:00Z,2022-07-08T17:07:00Z,2022-08-08,HARV_001-O-41-20220708,A00000158461,HARV_001-O-41-20220708-PH,NEON.DOC.014048vO,O,3.67,3.12,2.6,20,7.8,2.6,40,15.6,NA,0000-0003-3463-8507,NA,20251217T193916Z,RELEASE-2026
bab7b3af-f0b2-46e5-9da5-29fad86cc9ff,D01,HARV,HARV_001,HARV_001.basePlot.bgc,2022-07-08T17:21:00Z,2022-07-08T17:21:00Z,2022-08-08,HARV_001-O-39-20220708,A00000158462,HARV_001-O-39-20220708-PH,NEON.DOC.014048vO,O,4.48,3.7,2.6,20,7.8,2.6,40,15.5,NA,0000-0003-3463-8507,NA,20251217T193916Z,RELEASE-2026
859d6c17-85c8-4b1e-a137-295d621d1e15,D01,HARV,HARV_001,HARV_001.basePlot.bgc,2022-07-08T17:34:00Z,2022-07-08T17:34:00Z,2022-08-08,HARV_001-O-21-20220708,A00000153450,HARV_001-O-21-20220708-PH,NEON.DOC.014048vO,O,3.8,3.25,2.6,20,7.8,2.6,40,15.6,NA,0000-0003-3463-8507,NA,20251217T193916Z,RELEASE-2026
68a120dd-b5d5-4c31-b3c8-9829842ec40f,D01,HARV,HARV_035,HARV_035.basePlot.bgc,2023-04-17T12:33:00Z,2023-04-17T12:33:00Z,2023-05-05,HARV_035-O-23-20230417,A00000155027,HARV_035-O-23-20230417-PH,NEON.DOC.014048vO,O,3.14,2.62,2.5,20,7.9,2.5,40,15.7,NA,0000-0003-3463-8507,NA,20251217T194029Z,RELEASE-2026
018ef4b5-eb0b-4ca8-a611-36f074ff03fd,D01,HARV,HARV_035,HARV_035.basePlot.bgc,2023-04-17T13:05:00Z,2023-04-17T13:05:00Z,2023-05-05,HARV_035-O-21-20230417,A00000155026,HARV_035-O-21-20230417-PH,NEON.DOC.014048vO,O,3.2,2.59,2.6,20,7.8,2.6,40,15.5,NA,0000-0003-3463-8507,NA,20251217T194029Z,RELEASE-2026
6fdb2ef4-f310-485b-9d1c-5a88d035c7de,D01,HARV,HARV_035,HARV_035.basePlot.bgc,2023-04-17T13:34:00Z,2023-04-17T13:34:00Z,2023-05-05,HARV_035-O-39-20230417,A00000155028,HARV_035-O-39-20230417-PH,NEON.DOC.014048vO,O,3.26,2.71,2.6,20,7.8,2.6,40,15.6,NA,0000-0003-3463-8507,NA,20251217T194029Z,RELEASE-2026
ec4dcc1c-cde2-453f-9046-db57dba281a4,D01,HARV,HARV_037,HARV_037.basePlot.bgc,2023-04-17T14:26:00Z,2023-04-17T14:26:00Z,2023-05-05,HARV_037-O-39-20230417,A00000155023,HARV_037-O-39-20230417-PH,NEON.DOC.014048vO,O,2.99,2.55,2.6,20,7.8,2.6,40,15.7,NA,0000-0003-3463-8507,NA,20251217T194029Z,RELEASE-2026
c32cc876-e79f-462d-988e-a96554a7a333,D01,HARV,HARV_037,HARV_037.basePlot.bgc,2023-04-17T14:53:00Z,2023-04-17T14:53:00Z,2023-05-05,HARV_037-O-21-20230417,A00000155025,HARV_037-O-21-20230417-PH,NEON.DOC.014048vO,O,3.36,2.74,2.6,20,7.8,2.6,40,15.6,NA,0000-0003-3463-8507,NA,20251217T194029Z,RELEASE-2026
585076d3-9bc4-4026-b01f-8be28fc4cb53,D01,HARV,HARV_037,HARV_037.basePlot.bgc,2023-04-17T15:26:00Z,2023-04-17T15:26:00Z,2023-05-05,HARV_037-O-23-20230417,A00000155024,HARV_037-O-23-20230417-PH,NEON.DOC.014048vO,O,4.39,3.55,2.6,20,7.8,2.6,40,15.6,NA,0000-0003-3463-8507,NA,20251217T194029Z,RELEASE-2026
03f24aa7-7e72-4a54-84d3-a05d10bba0ea,D01,HARV,HARV_034,HARV_034.basePlot.bgc,2023-04-17T16:33:00Z,2023-04-17T16:33:00Z,2023-05-05,HARV_034-O-41-20230417,A00000155030,HARV_034-O-41-20230417-PH,NEON.DOC.014048vO,O,3.36,2.6,2.5,20,7.9,2.5,40,15.7,NA,0000-0003-3463-8507,NA,20251217T194029Z,RELEASE-2026
fc150a64-0ded-4fde-b526-da638fef62f6,D01,HARV,HARV_034,HARV_034.basePlot.bgc,2023-04-17T17:02:00Z,2023-04-17T17:02:00Z,2023-05-05,HARV_034-O-39-20230417,A00000155029,HARV_034-O-39-20230417-PH,NEON.DOC.014048vO,O,3.43,2.93,2.5,20,7.9,2.5,40,15.9,NA,0000-0003-3463-8507,NA,20251217T194029Z,RELEASE-2026
19720411-de47-4fcd-874d-93a1c54c3aef,D01,HARV,HARV_034,HARV_034.basePlot.bgc,2023-04-17T17:33:00Z,2023-04-17T17:33:00Z,2023-05-05,HARV_034-O-21-20230417,A00000155031,HARV_034-O-21-20230417-PH,NEON.DOC.014048vO,O,3.25,2.6,2.5,20,8,2.5,40,15.9,NA,0000-0003-3463-8507,NA,20251217T194029Z,RELEASE-2026
18cbedba-2b66-4076-ac06-0a1a03896354,D01,HARV,HARV_033,HARV_033.basePlot.bgc,2023-04-17T18:17:00Z,2023-04-17T18:17:00Z,2023-05-05,HARV_033-O-23-20230417,A00000155034,HARV_033-O-23-20230417-PH,NEON.DOC.014048vO,O,3.21,2.71,2.5,20,7.9,2.5,40,15.7,NA,0000-0003-3463-8507,NA,20251217T194029Z,RELEASE-2026
fb62a4f5-20ed-45d0-9f89-36d684fe7725,D01,HARV,HARV_033,HARV_033.basePlot.bgc,2023-04-17T18:41:00Z,2023-04-17T18:41:00Z,2023-05-05,HARV_033-O-21-20230417,A00000155033,HARV_033-O-21-20230417-PH,NEON.DOC.014048vO,O,3.4,2.67,2.5,20,7.9,2.5,40,15.8,NA,0000-0003-3463-8507,NA,20251217T194029Z,RELEASE-2026
bc00d0c9-de5a-48c4-af35-8b7ef451c21a,D01,HARV,HARV_033,HARV_033.basePlot.bgc,2023-04-17T19:06:00Z,2023-04-17T19:06:00Z,2023-05-05,HARV_033-O-39-20230417,A00000155032,HARV_033-O-39-20230417-PH,NEON.DOC.014048vO,O,4.11,3.34,2.6,20,7.8,2.6,40,15.6,NA,0000-0003-3463-8507,NA,20251217T194029Z,RELEASE-2026
1c287e17-31d3-4703-ad5d-f0e5e80f695d,D01,HARV,HARV_013,HARV_013.basePlot.bgc,2023-04-18T16:47:00Z,2023-04-18T16:47:00Z,2023-05-11,HARV_013-O-39-20230418,A00000155008,HARV_013-O-39-20230418-PH,NEON.DOC.014048vO,O,4.12,3.38,2.6,20,7.8,2.6,40,15.6,NA,0000-0003-3463-8507,NA,20251217T194029Z,RELEASE-2026
280763ea-fd00-4034-be5d-3e6b686d4c9e,D01,HARV,HARV_013,HARV_013.basePlot.bgc,2023-04-18T17:04:00Z,2023-04-18T17:04:00Z,2023-05-11,HARV_013-O-41-20230418,A00000155009,HARV_013-O-41-20230418-PH,NEON.DOC.014048vO,O,4.08,3.37,2.5,20,8,2.5,40,16,NA,0000-0003-3463-8507,NA,20251217T194029Z,RELEASE-2026
fa4c6a1d-f0e0-4638-b0ff-7f1c31c2ba03,D01,HARV,HARV_013,HARV_013.basePlot.bgc,2023-04-18T17:20:00Z,2023-04-18T17:20:00Z,2023-05-11,HARV_013-O-23-20230418,A00000155010,HARV_013-O-23-20230418-PH,NEON.DOC.014048vO,O,4.53,3.66,2.6,20,7.8,2.6,40,15.7,NA,0000-0003-3463-8507,NA,20251217T194029Z,RELEASE-2026
408887ce-e985-4d45-85a4-af77e656f282,D01,HARV,HARV_004,HARV_004.basePlot.bgc,2023-04-18T18:19:00Z,2023-04-18T18:19:00Z,2023-05-11,HARV_004-O-21-20230418,A00000155015,HARV_004-O-21-20230418-PH,NEON.DOC.014048vO,O,4.01,3.3,2.5,20,8,2.5,40,15.9,NA,0000-0003-3463-8507,NA,20251217T194029Z,RELEASE-2026
fd89c968-97fe-4be9-a8c3-70b1a2b107d3,D01,HARV,HARV_004,HARV_004.basePlot.bgc,2023-04-18T18:27:00Z,2023-04-18T18:27:00Z,2023-05-11,HARV_004-O-23-20230418,A00000155014,HARV_004-O-23-20230418-PH,NEON.DOC.014048vO,O,4.39,3.59,2.6,20,7.8,2.6,40,15.7,NA,0000-0003-3463-8507,NA,20251217T194029Z,RELEASE-2026
512afe93-673e-429a-b2fa-ea3ad15fbd37,D01,HARV,HARV_004,HARV_004.basePlot.bgc,2023-04-18T19:00:00Z,2023-04-18T19:00:00Z,2023-05-11,HARV_004-O-39-20230418,A00000155016,HARV_004-O-39-20230418-PH,NEON.DOC.014048vO,O,4.57,3.74,2.5,20,8,2.5,40,16,NA,0000-0003-3463-8507,NA,20251217T194029Z,RELEASE-2026
99e9535a-2d13-41cd-8d6f-4e1741bcc031,D01,HARV,HARV_005,HARV_005.basePlot.bgc,2023-04-19T14:57:00Z,2023-04-19T14:57:00Z,2023-05-11,HARV_005-O-21-20230419,A00000155011,HARV_005-O-21-20230419-PH,NEON.DOC.014048vO,O,3.56,2.97,2.5,20,7.9,2.5,40,15.7,NA,0000-0003-3463-8507,NA,20251217T194029Z,RELEASE-2026
4587a691-e0f2-4dc1-be88-ea8870772b60,D01,HARV,HARV_005,HARV_005.basePlot.bgc,2023-04-19T15:24:00Z,2023-04-19T15:24:00Z,2023-05-11,HARV_005-O-23-20230419,A00000155012,HARV_005-O-23-20230419-PH,NEON.DOC.014048vO,O,3.89,3.14,2.5,20,8,2.5,40,15.9,NA,0000-0003-3463-8507,NA,20251217T194029Z,RELEASE-2026
00fe1956-7fb8-46bc-a72e-4f54218ca64a,D01,HARV,HARV_005,HARV_005.basePlot.bgc,2023-04-19T15:45:00Z,2023-04-19T15:45:00Z,2023-05-11,HARV_005-O-41-20230419,A00000155013,HARV_005-O-41-20230419-PH,NEON.DOC.014048vO,O,3.64,2.87,2.5,20,7.9,2.5,40,15.7,NA,0000-0003-3463-8507,NA,20251217T194029Z,RELEASE-2026
9a2cb7b5-2bf2-4f66-80ee-eeeadf232d7c,D01,HARV,HARV_002,HARV_002.basePlot.bgc,2023-04-19T17:22:00Z,2023-04-19T17:22:00Z,2023-05-11,HARV_002-O-23-20230419,A00000155017,HARV_002-O-23-20230419-PH,NEON.DOC.014048vO,O,4.17,3.31,2.6,20,7.8,2.6,40,15.6,NA,0000-0003-3463-8507,NA,20251217T194029Z,RELEASE-2026
c9c0b076-ece1-467e-81a0-8512499a43fa,D01,HARV,HARV_002,HARV_002.basePlot.bgc,2023-04-19T17:53:00Z,2023-04-19T17:53:00Z,2023-05-11,HARV_002-O-41-20230419,A00000155019,HARV_002-O-41-20230419-PH,NEON.DOC.014048vO,O,3.62,2.92,2.6,20,7.8,2.6,40,15.5,NA,0000-0003-3463-8507,NA,20251217T194029Z,RELEASE-2026
0e012b6f-66f2-45d7-81f9-6d1e194013c9,D01,HARV,HARV_002,HARV_002.basePlot.bgc,2023-04-19T18:29:00Z,2023-04-19T18:29:00Z,2023-05-11,HARV_002-O-39-20230419,A00000155018,HARV_002-O-39-20230419-PH,NEON.DOC.014048vO,O,4.13,3.42,2.5,20,8,2.5,40,15.9,NA,0000-0003-3463-8507,NA,20251217T194029Z,RELEASE-2026
a6645ac4-f056-4791-8a8b-dc435fbd80fb,D01,HARV,HARV_021,HARV_021.basePlot.bgc,2023-04-20T14:38:00Z,2023-04-20T14:38:00Z,2023-05-05,HARV_021-O-23-20230420,A00000155007,HARV_021-O-23-20230420-PH,NEON.DOC.014048vO,O,3.31,2.63,2.6,20,7.8,2.6,40,15.5,NA,0000-0003-3463-8507,NA,20251217T194029Z,RELEASE-2026
c9497ca3-7fa0-4f9c-b3a0-4ae31cdf40c6,D01,HARV,HARV_021,HARV_021.basePlot.bgc,2023-04-20T15:41:00Z,2023-04-20T15:41:00Z,2023-05-05,HARV_021-O-41-20230420,A00000155035,HARV_021-O-41-20230420-PH,NEON.DOC.014048vO,O,3.14,2.43,2.5,20,7.9,2.5,40,15.8,NA,0000-0003-3463-8507,NA,20251217T194029Z,RELEASE-2026
8b822b93-eee9-4328-b762-754f32eab3bf,D01,HARV,HARV_021,HARV_021.basePlot.bgc,2023-04-20T16:07:00Z,2023-04-20T16:07:00Z,2023-05-05,HARV_021-O-39-20230420,A00000155036,HARV_021-O-39-20230420-PH,NEON.DOC.014048vO,O,4.2,3.49,2.6,20,7.8,2.6,40,15.6,NA,0000-0003-3463-8507,NA,20251217T194029Z,RELEASE-2026
004f59ba-7c98-4694-ac21-daf409cc858d,D01,HARV,HARV_001,HARV_001.basePlot.bgc,2023-04-25T15:06:00Z,2023-04-25T15:06:00Z,2023-05-11,HARV_001-O-41-20230425,A00000066932,HARV_001-O-41-20230425-PH,NEON.DOC.014048vO,O,3.88,3.12,2.6,20,7.8,2.6,40,15.6,NA,0000-0003-3463-8507,NA,20251217T194029Z,RELEASE-2026
ca479206-31d1-4165-a794-7cec204dd97e,D01,HARV,HARV_001,HARV_001.basePlot.bgc,2023-04-25T15:29:00Z,2023-04-25T15:29:00Z,2023-05-11,HARV_001-O-39-20230425,A00000155020,HARV_001-O-39-20230425-PH,NEON.DOC.014048vO,O,4.32,3.52,2.5,20,7.9,2.5,40,15.8,NA,0000-0003-3463-8507,NA,20251217T194029Z,RELEASE-2026
833b135e-e652-4f7f-ad55-c97fbbf4a325,D01,HARV,HARV_001,HARV_001.basePlot.bgc,2023-04-25T15:52:00Z,2023-04-25T15:52:00Z,2023-05-11,HARV_001-O-21-20230425,A00000066933,HARV_001-O-21-20230425-PH,NEON.DOC.014048vO,O,5.15,4.14,2.5,20,7.9,2.5,40,15.8,NA,0000-0003-3463-8507,NA,20251217T194029Z,RELEASE-2026
4523f85b-d683-4375-803c-040df685d857,D01,HARV,HARV_034,HARV_034.basePlot.bgc,2023-10-09T13:22:00Z,2023-10-09T13:22:00Z,2023-10-25,HARV_034-O-39-20231009,A00000155185,HARV_034-O-39-20231009-PH,NEON.DOC.014048vO,O,3.25,2.62,2.6,20,7.8,2.6,40,15.6,NA,0000-0003-3463-8507,NA,20251217T193609Z,RELEASE-2026
d9d94111-ef28-4153-a163-6de526612330,D01,HARV,HARV_034,HARV_034.basePlot.bgc,2023-10-09T13:55:00Z,2023-10-09T13:55:00Z,2023-10-20,HARV_034-O-41-20231009,A00000155122,HARV_034-O-41-20231009-PH,NEON.DOC.014048vO,O,3.45,2.83,2.5,20,8,2.5,40,15.9,NA,0000-0003-3463-8507,NA,20251217T193609Z,RELEASE-2026
e3aab786-2535-453c-bf08-2bebe6251e61,D01,HARV,HARV_034,HARV_034.basePlot.bgc,2023-10-09T14:19:00Z,2023-10-09T14:19:00Z,2023-10-25,HARV_034-O-23-20231009,A00000155169,HARV_034-O-23-20231009-PH,NEON.DOC.014048vO,O,3.14,2.6,2.6,20,7.8,2.6,40,15.6,NA,0000-0003-3463-8507,NA,20251217T193609Z,RELEASE-2026
679579f6-ae34-4b99-8905-1e3629ae273d,D01,HARV,HARV_037,HARV_037.basePlot.bgc,2023-10-09T14:56:00Z,2023-10-09T14:56:00Z,2023-10-25,HARV_037-O-21-20231009,A00000155123,HARV_037-O-21-20231009-PH,NEON.DOC.014048vO,O,3.7,3.02,2.6,20,7.8,2.6,40,15.7,NA,0000-0003-3463-8507,NA,20251217T193609Z,RELEASE-2026
2410b978-2aff-4581-afff-17479d406823,D01,HARV,HARV_037,HARV_037.basePlot.bgc,2023-10-09T15:28:00Z,2023-10-09T15:28:00Z,2023-10-25,HARV_037-O-41-20231009,A00000155186,HARV_037-O-41-20231009-PH,NEON.DOC.014048vO,O,3.34,2.77,2.5,20,8,2.5,40,16,NA,0000-0003-3463-8507,NA,20251217T193609Z,RELEASE-2026
39bf00cb-9ea8-45ee-97e4-2b7d38b03869,D01,HARV,HARV_037,HARV_037.basePlot.bgc,2023-10-09T15:50:00Z,2023-10-09T15:50:00Z,2023-10-25,HARV_037-O-39-20231009,A00000155139,HARV_037-O-39-20231009-PH,NEON.DOC.014048vO,O,3.62,2.88,2.5,20,7.9,2.5,40,15.9,NA,0000-0003-3463-8507,NA,20251217T193609Z,RELEASE-2026
51b39fbe-2d05-49d9-970a-d82d928733be,D01,HARV,HARV_033,HARV_033.basePlot.bgc,2023-10-09T17:09:00Z,2023-10-09T17:09:00Z,2023-10-20,HARV_033-O-39-20231009,A00000155154,HARV_033-O-39-20231009-PH,NEON.DOC.014048vO,O,4.05,3.15,2.5,20,7.9,2.5,40,15.8,NA,0000-0003-3463-8507,NA,20251217T193609Z,RELEASE-2026
d11259c3-be29-4a00-9cfb-2d0a3b9c3e7f,D01,HARV,HARV_033,HARV_033.basePlot.bgc,2023-10-09T17:31:00Z,2023-10-09T17:31:00Z,2023-10-25,HARV_033-O-41-20231009,A00000155121,HARV_033-O-41-20231009-PH,NEON.DOC.014048vO,O,3.87,3.14,2.6,20,7.8,2.6,40,15.5,NA,0000-0003-3463-8507,NA,20251217T193609Z,RELEASE-2026
126f7cc1-4b58-48ef-9d07-57c915167398,D01,HARV,HARV_033,HARV_033.basePlot.bgc,2023-10-09T17:47:00Z,2023-10-09T17:47:00Z,2023-10-27,HARV_033-O-23-20231009,A00000155153,HARV_033-O-23-20231009-PH,NEON.DOC.014048vO,O,3.94,3.39,2.6,20,7.8,2.6,40,15.5,NA,0000-0003-3463-8507,NA,20251217T193609Z,RELEASE-2026
01256d1e-7cae-44f6-b124-ef4c2e0f1193,D01,HARV,HARV_035,HARV_035.basePlot.bgc,2023-10-09T18:19:00Z,2023-10-09T18:19:00Z,2023-10-20,HARV_035-O-23-20231009,A00000155170,HARV_035-O-23-20231009-PH,NEON.DOC.014048vO,O,3.36,2.79,2.5,20,7.9,2.5,40,15.8,NA,0000-0003-3463-8507,NA,20251217T193609Z,RELEASE-2026
0864675a-afac-4d3f-9f15-9b4b1d0abf81,D01,HARV,HARV_035,HARV_035.basePlot.bgc,2023-10-09T18:45:00Z,2023-10-09T18:45:00Z,2023-10-20,HARV_035-O-21-20231009,A00000155138,HARV_035-O-21-20231009-PH,NEON.DOC.014048vO,O,3.53,2.77,2.5,20,8,2.5,40,16.1,NA,0000-0003-3463-8507,NA,20251217T193609Z,RELEASE-2026
25ccd13e-0932-4e1b-b188-0264b9df26dd,D01,HARV,HARV_035,HARV_035.basePlot.bgc,2023-10-09T19:00:00Z,2023-10-09T19:00:00Z,2023-10-20,HARV_035-O-39-20231009,A00000155137,HARV_035-O-39-20231009-PH,NEON.DOC.014048vO,O,3.39,2.74,2.5,20,8.1,2.5,40,16.1,NA,0000-0003-3463-8507,NA,20251217T193609Z,RELEASE-2026
c73f219c-f436-4682-b798-c6b94e224223,D01,HARV,HARV_013,HARV_013.basePlot.bgc,2023-10-10T16:34:00Z,2023-10-10T16:34:00Z,2023-10-20,HARV_013-O-39-20231010,A00000155183,HARV_013-O-39-20231010-PH,NEON.DOC.014048vO,O,3.85,3.09,2.6,20,7.8,2.6,40,15.6,NA,0000-0003-3463-8507,NA,20251217T193609Z,RELEASE-2026
c8153ca2-15f3-4811-86dc-30a0fefc4a26,D01,HARV,HARV_013,HARV_013.basePlot.bgc,2023-10-10T16:58:00Z,2023-10-10T16:58:00Z,2023-10-20,HARV_013-O-21-20231010,A00000155136,HARV_013-O-21-20231010-PH,NEON.DOC.014048vO,O,3.64,3.51,2.5,20,7.9,2.5,40,15.8,NA,0000-0003-3463-8507,NA,20251217T193609Z,RELEASE-2026
d3d41678-63dd-4b48-822b-ec5c7bc8937a,D01,HARV,HARV_013,HARV_013.basePlot.bgc,2023-10-10T17:21:00Z,2023-10-10T17:21:00Z,2023-10-20,HARV_013-O-23-20231010,A00000155120,HARV_013-O-23-20231010-PH,NEON.DOC.014048vO,O,4.26,3.44,2.6,20,7.8,2.6,40,15.5,NA,0000-0003-3463-8507,NA,20251217T193609Z,RELEASE-2026
1a00cc56-8b7f-4ea7-9db9-76c26af48a1a,D01,HARV,HARV_001,HARV_001.basePlot.bgc,2023-10-11T14:07:00Z,2023-10-11T14:07:00Z,2023-10-25,HARV_001-O-23-20231011,A00000155119,HARV_001-O-23-20231011-PH,NEON.DOC.014048vO,O,4.14,3.24,2.5,20,8,2.5,40,15.9,NA,0000-0003-3463-8507,NA,20251217T193609Z,RELEASE-2026
caec2a7f-a7ed-4222-a698-a15e96c1e346,D01,HARV,HARV_001,HARV_001.basePlot.bgc,2023-10-11T14:37:00Z,2023-10-11T14:37:00Z,2023-10-20,HARV_001-O-21-20231011,A00000155149,HARV_001-O-21-20231011-PH,NEON.DOC.014048vO,O,4.22,3.6,2.5,20,7.9,2.5,40,15.9,NA,0000-0003-3463-8507,NA,20251217T193609Z,RELEASE-2026
4abf03cd-2b7f-47ac-ac50-e6ba549286b0,D01,HARV,HARV_001,HARV_001.basePlot.bgc,2023-10-11T15:10:00Z,2023-10-11T15:10:00Z,2023-10-25,HARV_001-O-39-20231011,A00000155133,HARV_001-O-39-20231011-PH,NEON.DOC.014048vO,O,4.17,3.43,2.5,20,7.9,2.5,40,15.7,NA,0000-0003-3463-8507,NA,20251217T193609Z,RELEASE-2026
79895a64-cd48-471d-a87e-da19633b813a,D01,HARV,HARV_004,HARV_004.basePlot.bgc,2023-10-11T16:48:00Z,2023-10-11T16:48:00Z,2023-10-20,HARV_004-O-39-20231011,A00000155182,HARV_004-O-39-20231011-PH,NEON.DOC.014048vO,O,4.52,3.64,2.6,20,7.8,2.6,40,15.7,NA,0000-0003-3463-8507,NA,20251217T193609Z,RELEASE-2026
9fd75301-754c-4723-8fe0-ca25517c2264,D01,HARV,HARV_004,HARV_004.basePlot.bgc,2023-10-11T17:06:00Z,2023-10-11T17:06:00Z,2023-10-25,HARV_004-O-21-20231011,A00000155150,HARV_004-O-21-20231011-PH,NEON.DOC.014048vO,O,3.97,3.22,2.6,20,7.7,2.6,40,15.4,NA,0000-0003-3463-8507,NA,20251217T193609Z,RELEASE-2026
96b4f823-945c-4753-915a-b2d60e0ed294,D01,HARV,HARV_004,HARV_004.basePlot.bgc,2023-10-11T17:32:00Z,2023-10-11T17:32:00Z,2023-10-20,HARV_004-O-23-20231011,A00000155166,HARV_004-O-23-20231011-PH,NEON.DOC.014048vO,O,4.06,3.36,2.5,20,7.9,2.5,40,15.9,NA,0000-0003-3463-8507,NA,20251217T193609Z,RELEASE-2026
32a65959-671d-4019-8c51-71dc137d1c24,D01,HARV,HARV_005,HARV_005.basePlot.bgc,2023-10-12T12:53:00Z,2023-10-12T12:53:00Z,2023-10-25,HARV_005-O-21-20231012,A00000155167,HARV_005-O-21-20231012-PH,NEON.DOC.014048vO,O,4.14,3.43,2.5,20,8,2.5,40,15.9,NA,0000-0003-3463-8507,NA,20251217T193609Z,RELEASE-2026
bd699541-805b-4bfa-b832-691b1ef8ab06,D01,HARV,HARV_005,HARV_005.basePlot.bgc,2023-10-12T13:08:00Z,2023-10-12T13:08:00Z,2023-10-20,HARV_005-O-23-20231012,A00000155151,HARV_005-O-23-20231012-PH,NEON.DOC.014048vO,O,4.38,3.54,2.5,20,7.9,2.5,40,15.8,NA,0000-0003-3463-8507,NA,20251217T193609Z,RELEASE-2026
44deba03-8b4c-4618-a026-1f9958dcaaae,D01,HARV,HARV_005,HARV_005.basePlot.bgc,2023-10-12T13:23:00Z,2023-10-12T13:23:00Z,2023-10-25,HARV_005-O-41-20231012,A00000155135,HARV_005-O-41-20231012-PH,NEON.DOC.014048vO,O,4.52,3.81,2.6,20,7.8,2.6,40,15.6,NA,0000-0003-3463-8507,NA,20251217T193609Z,RELEASE-2026
ca2dce81-e913-4c73-9bd8-ba234cab3087,D01,HARV,HARV_002,HARV_002.basePlot.bgc,2023-10-12T14:13:00Z,2023-10-12T14:13:00Z,2023-10-20,HARV_002-O-21-20231012,A00000155134,HARV_002-O-21-20231012-PH,NEON.DOC.014048vO,O,4.55,3.75,2.5,20,7.9,2.5,40,15.9,NA,0000-0003-3463-8507,NA,20251217T193609Z,RELEASE-2026
ccfd557b-62c2-4444-8d71-9354450a20ae,D01,HARV,HARV_002,HARV_002.basePlot.bgc,2023-10-12T14:30:00Z,2023-10-12T14:30:00Z,2023-10-20,HARV_002-O-23-20231012,A00000155165,HARV_002-O-23-20231012-PH,NEON.DOC.014048vO,O,5.74,5.09,2.6,20,7.8,2.6,40,15.7,NA,0000-0003-3463-8507,NA,20251217T193609Z,RELEASE-2026
97464acb-c205-432a-81ed-40a1aef99fc6,D01,HARV,HARV_002,HARV_002.basePlot.bgc,2023-10-12T14:47:00Z,2023-10-12T14:47:00Z,2023-10-25,HARV_002-O-41-20231012,A00000155181,HARV_002-O-41-20231012-PH,NEON.DOC.014048vO,O,3.5,2.92,2.5,20,8,2.5,40,15.9,NA,0000-0003-3463-8507,NA,20251217T193609Z,RELEASE-2026
a2b8d2ae-bfc3-4e36-a70a-6a73daf0c5c8,D01,HARV,HARV_021,HARV_021.basePlot.bgc,2023-10-12T15:28:00Z,2023-10-12T15:28:00Z,2023-10-25,HARV_021-O-21-20231012,A00000155168,HARV_021-O-21-20231012-PH,NEON.DOC.014048vO,O,3.61,2.88,2.6,20,7.8,2.6,40,15.6,NA,0000-0003-3463-8507,NA,20251217T193609Z,RELEASE-2026
1b062958-fdd4-4931-ae20-1ebf23e7557c,D01,HARV,HARV_021,HARV_021.basePlot.bgc,2023-10-12T15:39:00Z,2023-10-12T15:39:00Z,2023-10-20,HARV_021-O-23-20231012,A00000155184,HARV_021-O-23-20231012-PH,NEON.DOC.014048vO,O,4.45,4.01,2.5,20,7.9,2.5,40,15.8,NA,0000-0003-3463-8507,NA,20251217T193609Z,RELEASE-2026
c89ac86f-29ea-4014-b4f8-4cfc4a39e295,D01,HARV,HARV_021,HARV_021.basePlot.bgc,2023-10-12T15:52:00Z,2023-10-12T15:52:00Z,2023-10-25,HARV_021-O-41-20231012,A00000155152,HARV_021-O-41-20231012-PH,NEON.DOC.014048vO,O,3.43,2.73,2.6,20,7.8,2.6,40,15.6,NA,0000-0003-3463-8507,NA,20251217T193609Z,RELEASE-2026
ff4ced86-14dc-41f1-bb0d-a5fe2d3f57eb,D01,HARV,HARV_034,HARV_034.basePlot.bgc,2023-07-03T12:34:00Z,2023-07-03T12:34:00Z,2023-07-20,HARV_034-O-41-20230703,A00000155107,HARV_034-O-41-20230703-PH,NEON.DOC.014048vO,O,3.28,2.6,2.6,20,7.7,2.6,40,15.4,NA,0000-0003-3463-8507,NA,20251217T193758Z,RELEASE-2026
c84db7eb-ac3d-4a2d-a4c8-0ba0320caf93,D01,HARV,HARV_034,HARV_034.basePlot.bgc,2023-07-03T13:06:00Z,2023-07-03T13:06:00Z,2023-07-20,HARV_034-O-23-20230703,A00000155106,HARV_034-O-23-20230703-PH,NEON.DOC.014048vO,O,3.45,2.7,2.6,20,7.8,2.6,40,15.6,NA,0000-0003-3463-8507,NA,20251217T193758Z,RELEASE-2026
e56b0847-f348-4421-8125-1266395dd406,D01,HARV,HARV_034,HARV_034.basePlot.bgc,2023-07-03T13:35:00Z,2023-07-03T13:35:00Z,2023-07-20,HARV_034-O-39-20230703,A00000155105,HARV_034-O-39-20230703-PH,NEON.DOC.014048vO,O,3.34,2.71,2.6,20,7.7,2.6,40,15.4,NA,0000-0003-3463-8507,NA,20251217T193758Z,RELEASE-2026
03ef7bdf-a865-4a26-9c5b-099d1427eadb,D01,HARV,HARV_033,HARV_033.basePlot.bgc,2023-07-03T14:21:00Z,2023-07-03T14:21:00Z,2023-07-21,HARV_033-O-39-20230703,A00000155103,HARV_033-O-39-20230703-PH,NEON.DOC.014048vO,O,3.85,3.04,2.5,20,7.9,2.5,40,15.7,NA,0000-0003-3463-8507,NA,20251217T193758Z,RELEASE-2026
d30fa3fc-b318-4ab5-97c5-f3482d8c8bd9,D01,HARV,HARV_033,HARV_033.basePlot.bgc,2023-07-03T14:46:00Z,2023-07-03T14:46:00Z,2023-07-21,HARV_033-O-41-20230703,A00000155104,HARV_033-O-41-20230703-PH,NEON.DOC.014048vO,O,3.63,2.84,2.5,20,8,2.5,40,15.9,NA,0000-0003-3463-8507,NA,20251217T193758Z,RELEASE-2026
5d20c961-1eb1-40a5-aaa5-f6f272ee0cd3,D01,HARV,HARV_033,HARV_033.basePlot.bgc,2023-07-03T15:08:00Z,2023-07-03T15:08:00Z,2023-07-21,HARV_033-O-21-20230703,A00000155102,HARV_033-O-21-20230703-PH,NEON.DOC.014048vO,O,3.99,3.29,2.5,20,7.9,2.5,40,15.9,NA,0000-0003-3463-8507,NA,20251217T193758Z,RELEASE-2026
26e2e680-63dc-47bf-aa8c-61b0ce1179f7,D01,HARV,HARV_035,HARV_035.basePlot.bgc,2023-07-04T13:37:00Z,2023-07-04T13:37:00Z,2023-07-28,HARV_035-O-23-20230704,A00000155109,HARV_035-O-23-20230704-PH,NEON.DOC.014048vO,O,3.93,3.09,2.5,20,8,2.5,40,16,NA,0000-0003-3463-8507,NA,20251217T193758Z,RELEASE-2026
36ed0c85-ad49-48c0-8b07-adfe569338d0,D01,HARV,HARV_035,HARV_035.basePlot.bgc,2023-07-04T13:57:00Z,2023-07-04T13:57:00Z,2023-07-28,HARV_035-O-21-20230704,A00000155108,HARV_035-O-21-20230704-PH,NEON.DOC.014048vO,O,3.48,2.86,2.5,20,7.9,2.5,40,15.8,NA,0000-0003-3463-8507,NA,20251217T193758Z,RELEASE-2026
9ab6335d-5c82-4fd6-87bb-0b4f5a5589e6,D01,HARV,HARV_035,HARV_035.basePlot.bgc,2023-07-04T14:14:00Z,2023-07-04T14:14:00Z,2023-07-28,HARV_035-O-41-20230704,A00000155110,HARV_035-O-41-20230704-PH,NEON.DOC.014048vO,O,3.5,2.74,2.6,20,7.8,2.6,40,15.6,NA,0000-0003-3463-8507,NA,20251217T193758Z,RELEASE-2026
648d5dd4-e3ce-44fa-a2d9-2c23af08c656,D01,HARV,HARV_037,HARV_037.basePlot.bgc,2023-07-04T15:12:00Z,2023-07-04T15:12:00Z,2023-07-21,HARV_037-O-21-20230704,A00000155111,HARV_037-O-21-20230704-PH,NEON.DOC.014048vO,O,3.52,2.79,2.5,20,7.9,2.5,40,15.8,NA,0000-0003-3463-8507,NA,20251217T193758Z,RELEASE-2026
cf0298b5-9c27-44cb-b9cb-1cdfef3e4b97,D01,HARV,HARV_037,HARV_037.basePlot.bgc,2023-07-04T15:26:00Z,2023-07-04T15:26:00Z,2023-07-28,HARV_037-O-23-20230704,A00000155112,HARV_037-O-23-20230704-PH,NEON.DOC.014048vO,O,3.99,3.18,2.5,20,7.9,2.5,40,15.8,NA,0000-0003-3463-8507,NA,20251217T193758Z,RELEASE-2026
a7aa4c41-7a28-4343-91ca-1308052a53cd,D01,HARV,HARV_037,HARV_037.basePlot.bgc,2023-07-04T15:51:00Z,2023-07-04T15:51:00Z,2023-07-20,HARV_037-O-41-20230704,A00000155113,HARV_037-O-41-20230704-PH,NEON.DOC.014048vO,O,3.9,3.26,2.5,20,7.9,2.5,40,15.7,NA,0000-0003-3463-8507,NA,20251217T193758Z,RELEASE-2026
dea5a1a2-5598-49c5-bdae-03543995963a,D01,HARV,HARV_013,HARV_013.basePlot.bgc,2023-07-04T17:51:00Z,2023-07-04T17:51:00Z,2023-07-20,HARV_013-O-39-20230704,A00000155080,HARV_013-O-39-20230704-PH,NEON.DOC.014048vO,O,3.9,3.16,2.6,20,7.8,2.6,40,15.6,NA,0000-0003-3463-8507,NA,20251217T193758Z,RELEASE-2026
53f1f628-3b2b-404b-b232-cd6764690969,D01,HARV,HARV_013,HARV_013.basePlot.bgc,2023-07-04T18:12:00Z,2023-07-04T18:12:00Z,2023-07-20,HARV_013-O-41-20230704,A00000155096,HARV_013-O-41-20230704-PH,NEON.DOC.014048vO,O,4.14,3.3,2.5,20,8,2.5,40,16,NA,0000-0003-3463-8507,NA,20251217T193758Z,RELEASE-2026
e1b0106f-2575-4f11-8d2f-2972631eb2d2,D01,HARV,HARV_013,HARV_013.basePlot.bgc,2023-07-04T19:03:00Z,2023-07-04T19:03:00Z,2023-07-20,HARV_013-O-23-20230704,A00000155064,HARV_013-O-23-20230704-PH,NEON.DOC.014048vO,O,4.43,3.53,2.5,20,7.9,2.5,40,15.9,NA,0000-0003-3463-8507,NA,20251217T193758Z,RELEASE-2026
47bb00ca-2fba-4262-a3ae-9668184c11cf,D01,HARV,HARV_001,HARV_001.basePlot.bgc,2023-07-05T15:01:00Z,2023-07-05T15:01:00Z,2023-07-20,HARV_001-O-23-20230705,A00000155061,HARV_001-O-23-20230705-PH,NEON.DOC.014048vO,O,3.94,3.08,2.5,20,7.9,2.5,40,15.8,NA,0000-0003-3463-8507,NA,20251217T193758Z,RELEASE-2026
e61c7d69-1d20-4f03-a2e2-6502f0d52a53,D01,HARV,HARV_001,HARV_001.basePlot.bgc,2023-07-05T15:25:00Z,2023-07-05T15:25:00Z,2023-07-20,HARV_001-O-21-20230705,A00000155093,HARV_001-O-21-20230705-PH,NEON.DOC.014048vO,O,4.55,3.65,2.6,20,7.8,2.6,40,15.6,NA,0000-0003-3463-8507,NA,20251217T193758Z,RELEASE-2026
87d80900-67d6-4b24-aa1a-818ce944f1e4,D01,HARV,HARV_004,HARV_004.basePlot.bgc,2023-07-05T15:59:00Z,2023-07-05T15:59:00Z,2023-07-21,HARV_004-O-41-20230705,A00000155094,HARV_004-O-41-20230705-PH,NEON.DOC.014048vO,O,4.53,3.82,2.6,20,7.8,2.6,40,15.7,NA,0000-0003-3463-8507,NA,20251217T193758Z,RELEASE-2026
83c8a14b-e4cd-402e-95c6-c2b1a7bcdce4,D01,HARV,HARV_001,HARV_001.basePlot.bgc,2023-07-05T15:59:00Z,2023-07-05T15:59:00Z,2023-07-20,HARV_001-O-41-20230705,A00000155077,HARV_001-O-41-20230705-PH,NEON.DOC.014048vO,O,4.01,3.29,2.6,20,7.8,2.6,40,15.6,NA,0000-0003-3463-8507,NA,20251217T193758Z,RELEASE-2026
286c8201-83e5-4b4b-92a3-214465b2a8a1,D01,HARV,HARV_004,HARV_004.basePlot.bgc,2023-07-05T17:06:00Z,2023-07-05T17:06:00Z,2023-07-28,HARV_004-O-21-20230705,A00000155047,HARV_004-O-21-20230705-PH,NEON.DOC.014048vO,O,4.6,3.8,2.6,20,7.8,2.6,40,15.7,NA,0000-0003-3463-8507,NA,20251217T193758Z,RELEASE-2026
3f33f961-a7e1-4761-ad81-f787b71177e4,D01,HARV,HARV_004,HARV_004.basePlot.bgc,2023-07-05T17:19:00Z,2023-07-05T17:19:00Z,2023-07-21,HARV_004-O-23-20230705,A00000155063,HARV_004-O-23-20230705-PH,NEON.DOC.014048vO,O,4.43,3.64,2.6,20,7.8,2.6,40,15.7,NA,0000-0003-3463-8507,NA,20251217T193758Z,RELEASE-2026
f1436061-450c-48ca-82f7-d9a553b11689,D01,HARV,HARV_021,HARV_021.basePlot.bgc,2023-07-06T12:46:00Z,2023-07-06T12:46:00Z,2023-07-20,HARV_021-O-39-20230706,A00000155049,HARV_021-O-39-20230706-PH,NEON.DOC.014048vO,O,3.37,2.73,2.5,20,7.9,2.5,40,15.8,NA,0000-0003-3463-8507,NA,20251217T193758Z,RELEASE-2026
235855eb-7773-427d-9b17-9fc760acb8b8,D01,HARV,HARV_021,HARV_021.basePlot.bgc,2023-07-06T13:10:00Z,2023-07-06T13:10:00Z,2023-07-20,HARV_021-O-41-20230706,A00000155065,HARV_021-O-41-20230706-PH,NEON.DOC.014048vO,O,3.85,3.07,2.5,20,7.9,2.5,40,15.7,NA,0000-0003-3463-8507,NA,20251217T193758Z,RELEASE-2026
2b14344c-372f-4e7e-b67a-4c1ef1675aba,D01,HARV,HARV_021,HARV_021.basePlot.bgc,2023-07-06T13:31:00Z,2023-07-06T13:31:00Z,2023-07-28,HARV_021-O-23-20230706,A00000155101,HARV_021-O-23-20230706-PH,NEON.DOC.014048vO,O,3.56,2.75,2.5,20,7.9,2.5,40,15.8,NA,0000-0003-3463-8507,NA,20251217T193758Z,RELEASE-2026
3b94e3f4-4227-47a8-9fc4-c01c660cf21e,D01,HARV,HARV_002,HARV_002.basePlot.bgc,2023-07-06T14:39:00Z,2023-07-06T14:39:00Z,2023-07-20,HARV_002-O-21-20230706,A00000155078,HARV_002-O-21-20230706-PH,NEON.DOC.014048vO,O,4.54,3.7,2.5,20,8,2.5,40,15.9,NA,0000-0003-3463-8507,NA,20251217T193758Z,RELEASE-2026
d0102f8c-2c37-4d35-9289-b552b9a662d6,D01,HARV,HARV_002,HARV_002.basePlot.bgc,2023-07-06T14:54:00Z,2023-07-06T14:54:00Z,2023-07-20,HARV_002-O-23-20230706,A00000155046,HARV_002-O-23-20230706-PH,NEON.DOC.014048vO,O,4.56,3.65,2.6,20,7.8,2.6,40,15.5,NA,0000-0003-3463-8507,NA,20251217T193758Z,RELEASE-2026
159f3754-0aaa-4ee8-855d-6af730e2f6db,D01,HARV,HARV_002,HARV_002.basePlot.bgc,2023-07-06T15:16:00Z,2023-07-06T15:16:00Z,2023-07-20,HARV_002-O-39-20230706,A00000155062,HARV_002-O-39-20230706-PH,NEON.DOC.014048vO,O,4.31,3.52,2.6,20,7.8,2.6,40,15.5,NA,0000-0003-3463-8507,NA,20251217T193758Z,RELEASE-2026
aa5f9c27-4e45-4640-85d8-4cdb3fadfe98,D01,HARV,HARV_005,HARV_005.basePlot.bgc,2023-07-10T14:45:00Z,2023-07-10T14:45:00Z,2023-07-28,HARV_005-O-23-20230710,A00000155048,HARV_005-O-23-20230710-PH,NEON.DOC.014048vO,O,4.01,3.15,2.5,20,8,2.5,40,16,NA,0000-0003-3463-8507,NA,20251217T193758Z,RELEASE-2026
00b2f17a-b1bd-4e19-a61d-997e9205626a,D01,HARV,HARV_005,HARV_005.basePlot.bgc,2023-07-10T15:18:00Z,2023-07-10T15:18:00Z,2023-07-21,HARV_005-O-41-20230710,A00000155095,HARV_005-O-41-20230710-PH,NEON.DOC.014048vO,O,4.01,3.27,2.6,20,7.8,2.6,40,15.5,NA,0000-0003-3463-8507,NA,20251217T193758Z,RELEASE-2026
9677436a-ad62-42dc-b217-4bc9cf33b589,D01,HARV,HARV_005,HARV_005.basePlot.bgc,2023-07-10T15:57:00Z,2023-07-10T15:57:00Z,2023-07-21,HARV_005-O-39-20230710,A00000155079,HARV_005-O-39-20230710-PH,NEON.DOC.014048vO,O,3.56,2.92,2.5,20,7.9,2.5,40,15.8,NA,0000-0003-3463-8507,NA,20251217T193758Z,RELEASE-2026
e1a09c81-b690-4646-a5ec-67951355a885,D01,HARV,HARV_033,HARV_033.basePlot.bgc,2024-07-01T12:50:00Z,2024-07-01T12:50:00Z,2024-08-14,HARV_033-O-39-20240701,A00000155290,HARV_033-O-39-20240701-PH,NEON.DOC.014048vP,O,3.94,3.31,2.4,20,8.2,2.4,40,16.5,NA,0000-0003-3463-8507,NA,20251217T193858Z,RELEASE-2026
aae5d86e-7ee9-4af6-a287-a83938207dd6,D01,HARV,HARV_033,HARV_033.basePlot.bgc,2024-07-01T12:50:00Z,2024-07-01T12:50:00Z,2024-08-13,HARV_033-M-39-20240701,A00000155896,HARV_033-M-39-20240701-PH,NEON.DOC.014048vP,M,4.75,4.24,10.1,10,1,10.1,20,2,NA,0000-0003-3463-8507,NA,20251217T193858Z,RELEASE-2026
0d093fcd-392b-4038-8efa-aa6dd4150b29,D01,HARV,HARV_033,HARV_033.basePlot.bgc,2024-07-01T13:15:00Z,2024-07-01T13:15:00Z,2024-08-14,HARV_033-O-21-20240701,A00000155289,HARV_033-O-21-20240701-PH,NEON.DOC.014048vP,O,3.7,3.05,2.6,20,7.8,2.6,40,15.6,NA,0000-0003-3463-8507,NA,20251217T193858Z,RELEASE-2026
b3feaea2-12b2-4ac0-8a3d-7cec56cf2afb,D01,HARV,HARV_033,HARV_033.basePlot.bgc,2024-07-01T13:15:00Z,2024-07-01T13:15:00Z,2024-08-13,HARV_033-M-21-20240701,A00000155895,HARV_033-M-21-20240701-PH,NEON.DOC.014048vP,M,4.32,3.68,10.4,10,1,10.4,20,1.9,NA,0000-0003-3463-8507,NA,20251217T193858Z,RELEASE-2026
8278d21f-ad80-42ac-a13a-61543dad6ee6,D01,HARV,HARV_033,HARV_033.basePlot.bgc,2024-07-01T13:57:00Z,2024-07-01T13:57:00Z,2024-08-14,HARV_033-M-23-20240701,A00000155908,HARV_033-M-23-20240701-PH,NEON.DOC.014048vP,M,3.53,2.9,5,20,4,5,40,8,Soil not very dense so we used less so tube will hold water and cacl samples,0000-0003-3463-8507,NA,20251217T193858Z,RELEASE-2026
f7ed9a67-6687-4311-af38-a17af26f6978,D01,HARV,HARV_033,HARV_033.basePlot.bgc,2024-07-01T13:57:00Z,2024-07-01T13:57:00Z,2024-08-14,HARV_033-O-23-20240701,A00000155291,HARV_033-O-23-20240701-PH,NEON.DOC.014048vP,O,3.9,3.22,2.5,20,8.1,2.5,40,16.1,NA,0000-0003-3463-8507,NA,20251217T193858Z,RELEASE-2026
f8775ff5-f78a-4295-947f-fbae89b127a8,D01,HARV,HARV_037,HARV_037.basePlot.bgc,2024-07-01T15:09:00Z,2024-07-01T15:09:00Z,2024-08-13,HARV_037-M-21-20240701,A00000155904,HARV_037-M-21-20240701-PH,NEON.DOC.014048vP,M,4.38,3.45,10,10,1,10,20,2,NA,0000-0003-3463-8507,NA,20251217T193858Z,RELEASE-2026
044f8635-79d3-45ab-9af6-588da56cb65a,D01,HARV,HARV_037,HARV_037.basePlot.bgc,2024-07-01T15:09:00Z,2024-07-01T15:09:00Z,2024-08-14,HARV_037-O-21-20240701,A00000155874,HARV_037-O-21-20240701-PH,NEON.DOC.014048vP,O,3.8,2.98,2.5,20,7.9,2.5,40,15.8,NA,0000-0003-3463-8507,NA,20251217T193858Z,RELEASE-2026
f2dec373-2f31-49a5-8836-b106ec0cb35e,D01,HARV,HARV_037,HARV_037.basePlot.bgc,2024-07-01T15:12:00Z,2024-07-01T15:12:00Z,2024-08-13,HARV_037-M-39-20240701,A00000155906,HARV_037-M-39-20240701-PH,NEON.DOC.014048vP,M,4.07,3.58,10.1,10,1,10.1,20,2,NA,0000-0003-3463-8507,NA,20251217T193858Z,RELEASE-2026
36027e04-fc55-4a2a-9b2d-48f911176701,D01,HARV,HARV_037,HARV_037.basePlot.bgc,2024-07-01T15:12:00Z,2024-07-01T15:12:00Z,2024-08-14,HARV_037-O-39-20240701,A00000155876,HARV_037-O-39-20240701-PH,NEON.DOC.014048vP,O,3.5,2.65,2.5,20,7.9,2.5,40,15.7,NA,0000-0003-3463-8507,NA,20251217T193858Z,RELEASE-2026
46921a3b-10a8-4d7a-b4e2-7bdaaf8195d7,D01,HARV,HARV_037,HARV_037.basePlot.bgc,2024-07-01T16:11:00Z,2024-07-01T16:11:00Z,2024-08-14,HARV_037-O-41-20240701,A00000155875,HARV_037-O-41-20240701-PH,NEON.DOC.014048vP,O,3.85,3.64,2.5,20,8.1,2.5,40,16.3,NA,0000-0003-3463-8507,NA,20251217T193858Z,RELEASE-2026
7acd918c-e935-4af0-ab79-cf8d9f1341dd,D01,HARV,HARV_037,HARV_037.basePlot.bgc,2024-07-01T16:11:00Z,2024-07-01T16:11:00Z,2024-08-13,HARV_037-M-41-20240701,A00000155905,HARV_037-M-41-20240701-PH,NEON.DOC.014048vP,M,3.85,3.49,10,10,1,10,20,2,NA,0000-0003-3463-8507,NA,20251217T193858Z,RELEASE-2026
2672dde3-b391-43f3-8f40-2b7a23ff67d7,D01,HARV,HARV_034,HARV_034.basePlot.bgc,2024-07-01T17:33:00Z,2024-07-01T17:33:00Z,2024-08-13,HARV_034-M-39-20240701,A00000155899,HARV_034-M-39-20240701-PH,NEON.DOC.014048vP,M,3.89,3.17,9.8,10,1,9.8,20,2,NA,0000-0003-3463-8507,NA,20251217T193858Z,RELEASE-2026
5db79cab-e431-4987-9092-dbac0b9906a7,D01,HARV,HARV_034,HARV_034.basePlot.bgc,2024-07-01T17:33:00Z,2024-07-01T17:33:00Z,2024-08-14,HARV_034-O-39-20240701,A00000155869,HARV_034-O-39-20240701-PH,NEON.DOC.014048vP,O,3.39,2.83,2.6,20,7.8,2.6,40,15.7,NA,0000-0003-3463-8507,NA,20251217T193858Z,RELEASE-2026
58a4c7f3-181d-4547-93f2-635a738e3f97,D01,HARV,HARV_034,HARV_034.basePlot.bgc,2024-07-01T17:47:00Z,2024-07-01T17:47:00Z,2024-08-14,HARV_034-O-41-20240701,A00000155870,HARV_034-O-41-20240701-PH,NEON.DOC.014048vP,O,3.61,2.85,2.6,20,7.8,2.6,40,15.6,NA,0000-0003-3463-8507,NA,20251217T193858Z,RELEASE-2026
ad33e5a9-5d34-4ce1-ab58-2991d4ce819a,D01,HARV,HARV_034,HARV_034.basePlot.bgc,2024-07-01T17:47:00Z,2024-07-01T17:47:00Z,2024-08-14,HARV_034-M-41-20240701,A00000155900,HARV_034-M-41-20240701-PH,NEON.DOC.014048vP,M,3.4,2.85,10.4,20,1.9,10.4,40,3.9,NA,0000-0003-3463-8507,NA,20251217T193858Z,RELEASE-2026
e767d7f5-4590-4bdf-b023-1efd446321d8,D01,HARV,HARV_034,HARV_034.basePlot.bgc,2024-07-01T18:33:00Z,2024-07-01T18:33:00Z,2024-08-14,HARV_034-O-21-20240701,A00000155292,HARV_034-O-21-20240701-PH,NEON.DOC.014048vP,O,3.52,2.77,2.4,20,8.2,2.4,40,16.4,NA,0000-0003-3463-8507,NA,20251217T193858Z,RELEASE-2026
25012fa5-1932-48e2-a590-c73a20b8c41a,D01,HARV,HARV_034,HARV_034.basePlot.bgc,2024-07-01T18:33:00Z,2024-07-01T18:33:00Z,2024-08-13,HARV_034-M-21-20240701,A00000155898,HARV_034-M-21-20240701-PH,NEON.DOC.014048vP,M,4.18,3.61,10,10,1,10,20,2,NA,0000-0003-3463-8507,NA,20251217T193858Z,RELEASE-2026
6129d3a8-353f-4acf-a47a-70bcf3dae1bf,D01,HARV,HARV_035,HARV_035.basePlot.bgc,2024-07-02T14:17:00Z,2024-07-02T14:17:00Z,2024-08-13,HARV_035-M-23-20240702,A00000155903,HARV_035-M-23-20240702-PH,NEON.DOC.014048vP,M,4.03,3.56,10,10,1,10,20,2,NA,0000-0003-3463-8507,NA,20251217T193858Z,RELEASE-2026
51836367-292d-4472-b539-3b4be5e573ab,D01,HARV,HARV_035,HARV_035.basePlot.bgc,2024-07-02T14:17:00Z,2024-07-02T14:17:00Z,2024-08-13,HARV_035-O-23-20240702,A00000155873,HARV_035-O-23-20240702-PH,NEON.DOC.014048vP,O,3.55,2.71,2.6,20,7.8,2.6,40,15.5,NA,0000-0003-3463-8507,NA,20251217T193858Z,RELEASE-2026
bcafff88-d377-45fa-b96d-a86318af23f1,D01,HARV,HARV_035,HARV_035.basePlot.bgc,2024-07-02T15:11:00Z,2024-07-02T15:11:00Z,2024-08-14,HARV_035-O-41-20240702,A00000155872,HARV_035-O-41-20240702-PH,NEON.DOC.014048vP,O,3.23,2.65,2.4,20,8.2,2.4,40,16.4,NA,0000-0003-3463-8507,NA,20251217T193858Z,RELEASE-2026
71c85279-4554-4b69-ae06-501681ce2ae9,D01,HARV,HARV_035,HARV_035.basePlot.bgc,2024-07-02T15:57:00Z,2024-07-02T15:57:00Z,2024-08-13,HARV_035-M-39-20240702,A00000155901,HARV_035-M-39-20240702-PH,NEON.DOC.014048vP,M,4.95,4.49,10.1,10,1,10.1,20,2,NA,0000-0003-3463-8507,NA,20251217T193858Z,RELEASE-2026
88500fe5-cc04-4bb3-9645-151b8c7d328a,D01,HARV,HARV_035,HARV_035.basePlot.bgc,2024-07-02T15:57:00Z,2024-07-02T15:57:00Z,2024-08-14,HARV_035-O-39-20240702,A00000155871,HARV_035-O-39-20240702-PH,NEON.DOC.014048vP,O,3.46,2.6,2.5,20,8,2.5,40,16,NA,0000-0003-3463-8507,NA,20251217T193858Z,RELEASE-2026
c553444a-e0eb-4c5d-84ef-e806e3f11c5c,D01,HARV,HARV_013,HARV_013.basePlot.bgc,2024-07-08T13:35:00Z,2024-07-08T13:35:00Z,2024-08-14,HARV_013-O-39-20240708,A00000155283,HARV_013-O-39-20240708-PH,NEON.DOC.014048vP,O,4.91,4.3,2.5,20,8,2.5,40,15.9,NA,0000-0003-3463-8507,NA,20251217T193858Z,RELEASE-2026
56e4539d-5dc7-4158-acd8-9935342a5215,D01,HARV,HARV_013,HARV_013.basePlot.bgc,2024-07-08T13:35:00Z,2024-07-08T13:35:00Z,2024-08-13,HARV_013-M-39-20240708,A00000155889,HARV_013-M-39-20240708-PH,NEON.DOC.014048vP,M,4.78,4.71,9.6,10,1,9.6,20,2.1,NA,0000-0003-3463-8507,NA,20251217T193858Z,RELEASE-2026
b8d2bca7-a9bc-431b-a968-c6eb16a740b8,D01,HARV,HARV_013,HARV_013.basePlot.bgc,2024-07-08T14:23:00Z,2024-07-08T14:23:00Z,2024-08-13,HARV_013-M-21-20240708,A00000155891,HARV_013-M-21-20240708-PH,NEON.DOC.014048vP,M,4.62,4.06,9.7,10,1,9.7,20,2.1,NA,0000-0003-3463-8507,NA,20251217T193858Z,RELEASE-2026
b0abc115-7b33-493c-8663-2cf4538b7dbf,D01,HARV,HARV_013,HARV_013.basePlot.bgc,2024-07-08T14:56:00Z,2024-07-08T14:56:00Z,2024-08-13,HARV_013-M-23-20240708,A00000155890,HARV_013-M-23-20240708-PH,NEON.DOC.014048vP,M,4.94,4.51,10.4,10,1,10.4,20,1.9,NA,0000-0003-3463-8507,NA,20251217T193858Z,RELEASE-2026
3e050fe2-fa52-45cc-b0bd-1962d837e558,D01,HARV,HARV_001,HARV_001.basePlot.bgc,2024-07-08T16:52:00Z,2024-07-08T16:52:00Z,2024-08-13,HARV_001-M-41-20240708,A00000155877,HARV_001-M-41-20240708-PH,NEON.DOC.014048vP,M,4.8,4.2,10.1,10,1,10.1,20,2,NA,0000-0003-3463-8507,NA,20251217T193858Z,RELEASE-2026
12b07e70-7e4b-4fb4-ad26-5f52f18ab56c,D01,HARV,HARV_001,HARV_001.basePlot.bgc,2024-07-08T16:52:00Z,2024-07-08T16:52:00Z,2024-08-13,HARV_001-O-41-20240708,A00000155897,HARV_001-O-41-20240708-PH,NEON.DOC.014048vP,O,3.88,3.21,2.5,20,8.1,2.5,40,16.2,NA,0000-0003-3463-8507,NA,20251217T193858Z,RELEASE-2026
628cc62d-7130-4741-8d44-027744d67de4,D01,HARV,HARV_001,HARV_001.basePlot.bgc,2024-07-08T17:43:00Z,2024-07-08T17:43:00Z,2024-08-13,HARV_001-M-23-20240708,A00000155878,HARV_001-M-23-20240708-PH,NEON.DOC.014048vP,M,4.84,4.43,10.1,10,1,10.1,20,2,NA,0000-0003-3463-8507,NA,20251217T193858Z,RELEASE-2026
5637ccd3-f2cf-45b3-ad44-aa8bf53fb72c,D01,HARV,HARV_001,HARV_001.basePlot.bgc,2024-07-08T17:43:00Z,2024-07-08T17:43:00Z,2024-08-14,HARV_001-O-23-20240708,A00000155246,HARV_001-O-23-20240708-PH,NEON.DOC.014048vP,O,4.33,3.67,2.5,20,8.1,2.5,40,16.1,NA,0000-0003-3463-8507,NA,20251217T193858Z,RELEASE-2026
cc6518b2-3a0e-44ba-80fa-26c91b7a3f32,D01,HARV,HARV_001,HARV_001.basePlot.bgc,2024-07-08T18:27:00Z,2024-07-08T18:27:00Z,2024-08-14,HARV_001-O-21-20240708,A00000155241,HARV_001-O-21-20240708-PH,NEON.DOC.014048vP,O,4.2,3.86,2.5,20,8.2,2.5,40,16.3,NA,0000-0003-3463-8507,NA,20251217T193858Z,RELEASE-2026
b86dcecb-e45a-4cc3-bb49-d57b91903d2d,D01,HARV,HARV_001,HARV_001.basePlot.bgc,2024-07-08T18:27:00Z,2024-07-08T18:27:00Z,2024-08-13,HARV_001-M-21-20240708,A00000155879,HARV_001-M-21-20240708-PH,NEON.DOC.014048vP,M,4.76,4.5,10,10,1,10,20,2,NA,0000-0003-3463-8507,NA,20251217T193858Z,RELEASE-2026
7c3c16bb-fa4e-4f6b-9de1-a8e45796370a,D01,HARV,HARV_004,HARV_004.basePlot.bgc,2024-07-09T13:02:00Z,2024-07-09T13:02:00Z,2024-08-13,HARV_004-M-23-20240709,A00000155883,HARV_004-M-23-20240709-PH,NEON.DOC.014048vP,M,4.78,4.14,9.8,10,1,9.8,20,2,NA,0000-0003-3463-8507,NA,20251217T193858Z,RELEASE-2026
8608546e-b000-4d05-9b5a-e5bef9481917,D01,HARV,HARV_004,HARV_004.basePlot.bgc,2024-07-09T13:02:00Z,2024-07-09T13:02:00Z,2024-08-14,HARV_004-O-23-20240709,A00000155277,HARV_004-O-23-20240709-PH,NEON.DOC.014048vP,O,4.98,4.13,2.5,20,8,2.5,40,15.9,NA,0000-0003-3463-8507,NA,20251217T193858Z,RELEASE-2026
4c424cbc-d597-410e-8b8d-12cf483a7e0f,D01,HARV,HARV_004,HARV_004.basePlot.bgc,2024-07-09T14:03:00Z,2024-07-09T14:03:00Z,2024-08-13,HARV_004-M-39-20240709,A00000155885,HARV_004-M-39-20240709-PH,NEON.DOC.014048vP,M,4.58,3.94,10.1,10,1,10.1,20,2,NA,0000-0003-3463-8507,NA,20251217T193858Z,RELEASE-2026
f4bacbcb-2cce-4ed0-b1dc-a447961cdec7,D01,HARV,HARV_004,HARV_004.basePlot.bgc,2024-07-09T14:03:00Z,2024-07-09T14:03:00Z,2024-08-14,HARV_004-O-39-20240709,A00000155279,HARV_004-O-39-20240709-PH,NEON.DOC.014048vP,O,4.14,3.21,2.5,20,7.9,2.5,40,15.9,NA,0000-0003-3463-8507,NA,20251217T193858Z,RELEASE-2026
a969f35b-c705-4cc0-8f88-521d8fa2ad9c,D01,HARV,HARV_004,HARV_004.basePlot.bgc,2024-07-09T14:56:00Z,2024-07-09T14:56:00Z,2024-08-13,HARV_004-M-41-20240709,A00000155884,HARV_004-M-41-20240709-PH,NEON.DOC.014048vP,M,5.03,4.43,9.9,10,1,9.9,20,2,NA,0000-0003-3463-8507,NA,20251217T193858Z,RELEASE-2026
f78cc33e-4650-476a-9895-5129f8148d3e,D01,HARV,HARV_021,HARV_021.basePlot.bgc,2024-07-09T17:00:00Z,2024-07-09T17:00:00Z,2024-08-14,HARV_021-O-39-20240709,A00000155287,HARV_021-O-39-20240709-PH,NEON.DOC.014048vP,O,3.4,2.77,2.5,20,7.9,2.5,40,15.9,NA,0000-0003-3463-8507,NA,20251217T193858Z,RELEASE-2026
1a1006b0-adbb-44ea-953e-06082a2d85ec,D01,HARV,HARV_021,HARV_021.basePlot.bgc,2024-07-09T17:00:00Z,2024-07-09T17:00:00Z,2024-08-13,HARV_021-M-39-20240709,A00000155893,HARV_021-M-39-20240709-PH,NEON.DOC.014048vP,M,4.74,4.03,9.8,10,1,9.8,20,2,NA,0000-0003-3463-8507,NA,20251217T193858Z,RELEASE-2026
f7284334-da96-4151-998d-d1b5c9c58bf1,D01,HARV,HARV_021,HARV_021.basePlot.bgc,2024-07-09T17:43:00Z,2024-07-09T17:43:00Z,2024-08-14,HARV_021-O-23-20240709,A00000155286,HARV_021-O-23-20240709-PH,NEON.DOC.014048vP,O,3.55,2.9,2.5,20,7.9,2.5,40,15.7,NA,0000-0003-3463-8507,NA,20251217T193858Z,RELEASE-2026
6551ad17-7cc2-429a-a252-a84935303b8d,D01,HARV,HARV_021,HARV_021.basePlot.bgc,2024-07-09T17:43:00Z,2024-07-09T17:43:00Z,2024-08-13,HARV_021-M-23-20240709,A00000155892,HARV_021-M-23-20240709-PH,NEON.DOC.014048vP,M,4.54,4.26,9.9,10,1,9.9,20,2,NA,0000-0003-3463-8507,NA,20251217T193858Z,RELEASE-2026
9893f9c8-469d-4604-be45-0c0d26cc2a21,D01,HARV,HARV_021,HARV_021.basePlot.bgc,2024-07-09T18:26:00Z,2024-07-09T18:26:00Z,2024-08-13,HARV_021-O-41-20240709,A00000155288,HARV_021-O-41-20240709-PH,NEON.DOC.014048vP,O,3.89,3.2,2.5,20,8.1,2.5,40,16.1,NA,0000-0003-3463-8507,NA,20251217T193858Z,RELEASE-2026
624a4a62-7426-469a-9044-c3a65ade585e,D01,HARV,HARV_021,HARV_021.basePlot.bgc,2024-07-09T18:26:00Z,2024-07-09T18:26:00Z,2024-08-13,HARV_021-M-41-20240709,A00000155894,HARV_021-M-41-20240709-PH,NEON.DOC.014048vP,M,4.5,3.89,9.7,10,1,9.7,20,2.1,NA,0000-0003-3463-8507,NA,20251217T193858Z,RELEASE-2026
10d616bc-c20b-410e-9376-b0fa89bb957d,D01,HARV,HARV_002,HARV_002.basePlot.bgc,2024-07-10T13:16:00Z,2024-07-10T13:16:00Z,2024-08-13,HARV_002-M-21-20240710,A00000155880,HARV_002-M-21-20240710-PH,NEON.DOC.014048vP,M,4.84,4.47,10.1,10,1,10.1,20,2,NA,0000-0003-3463-8507,NA,20251217T193858Z,RELEASE-2026
795502f4-51fe-41aa-bf20-7d796145658c,D01,HARV,HARV_002,HARV_002.basePlot.bgc,2024-07-10T13:16:00Z,2024-07-10T13:16:00Z,2024-08-14,HARV_002-O-21-20240710,A00000155242,HARV_002-O-21-20240710-PH,NEON.DOC.014048vP,O,4.86,4.04,2.5,20,8.1,2.5,40,16.2,NA,0000-0003-3463-8507,NA,20251217T193858Z,RELEASE-2026
a0eae824-c6da-40a4-a0a9-8ab3ef54bb73,D01,HARV,HARV_002,HARV_002.basePlot.bgc,2024-07-10T14:14:00Z,2024-07-10T14:14:00Z,2024-08-13,HARV_002-M-39-20240710,A00000155882,HARV_002-M-39-20240710-PH,NEON.DOC.014048vP,M,4.79,4.29,9.9,10,1,9.9,20,2,NA,0000-0003-3463-8507,NA,20251217T193858Z,RELEASE-2026
1bf426f3-275f-437c-bc74-469cb90dd5dc,D01,HARV,HARV_002,HARV_002.basePlot.bgc,2024-07-10T14:14:00Z,2024-07-10T14:14:00Z,2024-08-14,HARV_002-O-39-20240710,A00000155245,HARV_002-O-39-20240710-PH,NEON.DOC.014048vP,O,4.09,3.3,2.6,20,7.8,2.6,40,15.6,NA,0000-0003-3463-8507,NA,20251217T193858Z,RELEASE-2026
3ec8b611-6ee9-44ed-8245-31b2688c6feb,D01,HARV,HARV_002,HARV_002.basePlot.bgc,2024-07-10T14:51:00Z,2024-07-10T14:51:00Z,2024-08-13,HARV_002-M-41-20240710,A00000155881,HARV_002-M-41-20240710-PH,NEON.DOC.014048vP,M,4.85,4.2,10,10,1,10,20,2,NA,0000-0003-3463-8507,NA,20251217T193858Z,RELEASE-2026
c3a8db50-adc0-41bb-a0db-15bd6f8f18b4,D01,HARV,HARV_002,HARV_002.basePlot.bgc,2024-07-10T14:51:00Z,2024-07-10T14:51:00Z,2024-08-14,HARV_002-O-41-20240710,A00000155243,HARV_002-O-41-20240710-PH,NEON.DOC.014048vP,O,4.14,3.44,2.5,20,8,2.5,40,15.9,NA,0000-0003-3463-8507,NA,20251217T193858Z,RELEASE-2026
f53a3839-2b42-4f86-842d-4f2213a0b080,D01,HARV,HARV_005,HARV_005.basePlot.bgc,2024-07-10T17:08:00Z,2024-07-10T17:08:00Z,2024-08-13,HARV_005-M-21-20240710,A00000155887,HARV_005-M-21-20240710-PH,NEON.DOC.014048vP,M,4.86,4.32,9.7,10,1,9.7,20,2.1,NA,0000-0003-3463-8507,NA,20251217T193858Z,RELEASE-2026
1112fb09-7452-4490-b5e8-6cb4536d43bc,D01,HARV,HARV_005,HARV_005.basePlot.bgc,2024-07-10T17:08:00Z,2024-07-10T17:08:00Z,2024-08-14,HARV_005-O-21-20240710,A00000155281,HARV_005-O-21-20240710-PH,NEON.DOC.014048vP,O,4.34,3.48,2.4,20,8.2,2.4,40,16.4,NA,0000-0003-3463-8507,NA,20251217T193858Z,RELEASE-2026
16f49340-d791-4997-90d4-ac701cc57e43,D01,HARV,HARV_005,HARV_005.basePlot.bgc,2024-07-10T17:54:00Z,2024-07-10T17:54:00Z,2024-08-14,HARV_005-O-23-20240710,A00000155282,HARV_005-O-23-20240710-PH,NEON.DOC.014048vP,O,4.38,3.71,2.5,20,7.9,2.5,40,15.8,NA,0000-0003-3463-8507,NA,20251217T193858Z,RELEASE-2026
0f0fc49e-6a9c-404d-8197-0ea9b42c02b8,D01,HARV,HARV_005,HARV_005.basePlot.bgc,2024-07-10T17:54:00Z,2024-07-10T17:54:00Z,2024-08-13,HARV_005-M-23-20240710,A00000155888,HARV_005-M-23-20240710-PH,NEON.DOC.014048vP,M,4.89,4.3,10,10,1,10,20,2,NA,0000-0003-3463-8507,NA,20251217T193858Z,RELEASE-2026
bf5ee266-2d4c-4693-97c3-b2697286bb93,D01,HARV,HARV_005,HARV_005.basePlot.bgc,2024-07-10T18:39:00Z,2024-07-10T18:39:00Z,2024-08-13,HARV_005-M-39-20240710,A00000155886,HARV_005-M-39-20240710-PH,NEON.DOC.014048vP,M,4.66,4.02,10,10,1,10,20,2,NA,0000-0003-3463-8507,NA,20251217T193858Z,RELEASE-2026
2117198f-035e-416a-970d-4204a35ada7e,D01,HARV,HARV_005,HARV_005.basePlot.bgc,2024-07-10T18:39:00Z,2024-07-10T18:39:00Z,2024-08-14,HARV_005-O-39-20240710,A00000155280,HARV_005-O-39-20240710-PH,NEON.DOC.014048vP,O,4.03,3.44,2.6,20,7.8,2.6,40,15.5,NA,0000-0003-3463-8507,NA,20251217T193858Z,RELEASE-2026
1fbb1db6-d25d-4d4b-864f-7214b1363230,D01,HARV,HARV_033,HARV_033.basePlot.bgc,2024-04-15T12:59:00Z,2024-04-15T12:59:00Z,2024-05-17,HARV_033-O-23-20240415,A00000159732,HARV_033-O-23-20240415-PH,NEON.DOC.014048vP,O,3.77,3.04,2.7,20,7.5,2.7,40,15.1,NA,0000-0003-3463-8507,NA,20251217T194025Z,RELEASE-2026
97bd53c2-46d6-4f9c-9ec1-033d08d0b3e3,D01,HARV,HARV_033,HARV_033.basePlot.bgc,2024-04-15T12:59:00Z,2024-04-15T12:59:00Z,2024-05-16,HARV_033-M-23-20240415,A00000159735,HARV_033-M-23-20240415-PH,NEON.DOC.014048vP,M,4.11,3.49,10.2,20,2,10.2,40,3.9,NA,0000-0003-3463-8507,NA,20251217T194025Z,RELEASE-2026
4a59e33a-4656-4fc7-9e1f-9a63ec967795,D01,HARV,HARV_034,HARV_034.basePlot.bgc,2024-04-15T14:21:00Z,2024-04-15T14:21:00Z,2024-05-16,HARV_034-M-21-20240415,A00000159741,HARV_034-M-21-20240415-PH,NEON.DOC.014048vP,M,3.09,2.68,9.9,20,2,9.9,40,4.1,NA,0000-0003-3463-8507,NA,20251217T194025Z,RELEASE-2026
8661c3f4-6e2e-4878-bcc3-97d7c8adf498,D01,HARV,HARV_034,HARV_034.basePlot.bgc,2024-04-15T14:21:00Z,2024-04-15T14:21:00Z,2024-05-17,HARV_034-O-21-20240415,A00000159738,HARV_034-O-21-20240415-PH,NEON.DOC.014048vP,O,3.62,2.96,2.6,20,7.7,2.6,40,15.4,NA,0000-0003-3463-8507,NA,20251217T194025Z,RELEASE-2026
10cb99ec-8942-45d2-817a-41b1cf74af96,D01,HARV,HARV_034,HARV_034.basePlot.bgc,2024-04-15T15:01:00Z,2024-04-15T15:01:00Z,2024-05-16,HARV_034-M-39-20240415,A00000159742,HARV_034-M-39-20240415-PH,NEON.DOC.014048vP,M,3.73,3.09,10.1,10,1,10.1,20,2,NA,0000-0003-3463-8507,NA,20251217T194025Z,RELEASE-2026
ec9d0529-7de1-44d5-a301-0363ee596f20,D01,HARV,HARV_034,HARV_034.basePlot.bgc,2024-04-15T15:01:00Z,2024-04-15T15:01:00Z,2024-05-17,HARV_034-O-39-20240415,A00000159739,HARV_034-O-39-20240415-PH,NEON.DOC.014048vP,O,3.88,3.32,2.5,20,7.9,2.5,40,15.9,NA,0000-0003-3463-8507,NA,20251217T194025Z,RELEASE-2026
b4102c54-733c-4f82-b1e7-73a5397b3f73,D01,HARV,HARV_035,HARV_035.basePlot.bgc,2024-04-15T16:17:00Z,2024-04-15T16:17:00Z,2024-05-16,HARV_035-M-21-20240415,A00000159748,HARV_035-M-21-20240415-PH,NEON.DOC.014048vP,M,4.6,4.18,10.1,20,2,10.1,40,3.9,NA,0000-0003-3463-8507,NA,20251217T194025Z,RELEASE-2026
bebd980b-5812-4b06-aa56-50a163abb7c0,D01,HARV,HARV_035,HARV_035.basePlot.bgc,2024-04-15T16:17:00Z,2024-04-15T16:17:00Z,2024-05-16,HARV_035-O-21-20240415,A00000159745,HARV_035-O-21-20240415-PH,NEON.DOC.014048vP,O,3.45,2.71,2.6,20,7.7,2.6,40,15.4,NA,0000-0003-3463-8507,NA,20251217T194025Z,RELEASE-2026
fa68a063-c27d-4a01-b73b-3cc2b97b2add,D01,HARV,HARV_035,HARV_035.basePlot.bgc,2024-04-15T16:18:00Z,2024-04-15T16:18:00Z,2024-05-16,HARV_035-O-23-20240415,A00000159744,HARV_035-O-23-20240415-PH,NEON.DOC.014048vP,O,3.11,2.61,2.6,20,7.8,2.6,40,15.6,NA,0000-0003-3463-8507,NA,20251217T194025Z,RELEASE-2026
1b3aab46-2b9b-4fe3-9d82-99cdebe2eb99,D01,HARV,HARV_037,HARV_037.basePlot.bgc,2024-04-15T17:43:00Z,2024-04-15T17:43:00Z,2024-05-16,HARV_037-O-23-20240415,A00000159750,HARV_037-O-23-20240415-PH,NEON.DOC.014048vP,O,3.84,3.14,2.5,20,7.9,2.5,40,15.8,NA,0000-0003-3463-8507,NA,20251217T194025Z,RELEASE-2026
314d9d6a-fd24-4d7a-8a9f-cdf93f907b33,D01,HARV,HARV_037,HARV_037.basePlot.bgc,2024-04-15T18:04:00Z,2024-04-15T18:04:00Z,2024-05-16,HARV_037-O-39-20240415,A00000159751,HARV_037-O-39-20240415-PH,NEON.DOC.014048vP,O,3.16,2.58,2.5,20,8.1,2.5,40,16.2,NA,0000-0003-3463-8507,NA,20251217T194025Z,RELEASE-2026
518bbfc1-2b91-4ab3-9d96-4980f8bb02f4,D01,HARV,HARV_037,HARV_037.basePlot.bgc,2024-04-15T18:04:00Z,2024-04-15T18:04:00Z,2024-05-16,HARV_037-M-39-20240415,A00000159754,HARV_037-M-39-20240415-PH,NEON.DOC.014048vP,M,4.41,3.99,10.3,20,1.9,10.3,40,3.9,NA,0000-0003-3463-8507,NA,20251217T194025Z,RELEASE-2026
2a593708-cc54-43d3-8a1d-cdb97bc3cac1,D01,HARV,HARV_033,HARV_033.basePlot.bgc,2024-04-15T18:56:00Z,2024-04-15T18:56:00Z,2024-05-16,HARV_033-O-21-20240415,A00000159733,HARV_033-O-21-20240415-PH,NEON.DOC.014048vP,O,3.86,3.04,2.5,20,8,2.5,40,16,NA,0000-0003-3463-8507,NA,20251217T194025Z,RELEASE-2026
0ca74168-f20c-4093-bd03-ba1e1a6b607f,D01,HARV,HARV_033,HARV_033.basePlot.bgc,2024-04-15T18:56:00Z,2024-04-15T18:56:00Z,2024-05-16,HARV_033-M-21-20240415,A00000159736,HARV_033-M-21-20240415-PH,NEON.DOC.014048vP,M,4.67,4.18,9.9,20,2,9.9,40,4,NA,0000-0003-3463-8507,NA,20251217T194025Z,RELEASE-2026
8c432d24-e781-42ae-a316-bd589eae9eaf,D01,HARV,HARV_013,HARV_013.basePlot.bgc,2024-04-17T14:00:00Z,2024-04-17T14:00:00Z,2024-05-16,HARV_013-O-41-20240417,A00000159710,HARV_013-O-41-20240417-PH,NEON.DOC.014048vP,O,4.16,3.43,2.5,20,8.2,2.5,40,16.3,NA,0000-0003-3463-8507,NA,20251217T194025Z,RELEASE-2026
bf2ff72c-e6aa-463c-975b-15960e874cc6,D01,HARV,HARV_013,HARV_013.basePlot.bgc,2024-04-17T14:00:00Z,2024-04-17T14:00:00Z,2024-05-16,HARV_013-M-41-20240417,A00000159713,HARV_013-M-41-20240417-PH,NEON.DOC.014048vP,M,4.25,3.54,10.1,20,2,10.1,40,4,NA,0000-0003-3463-8507,NA,20251217T194025Z,RELEASE-2026
e7ba2bcc-848f-4625-8f64-709224222bf6,D01,HARV,HARV_013,HARV_013.basePlot.bgc,2024-04-17T14:37:00Z,2024-04-17T14:37:00Z,2024-05-16,HARV_013-M-21-20240417,A00000159709,HARV_013-M-21-20240417-PH,NEON.DOC.014048vP,M,5.01,4.26,10.1,10,1,10.1,20,2,NA,0000-0003-3463-8507,NA,20251217T194025Z,RELEASE-2026
13934478-9621-4257-ae79-fd306affaf4d,D01,HARV,HARV_001,HARV_001.basePlot.bgc,2024-04-17T16:12:00Z,2024-04-17T16:12:00Z,2024-05-16,HARV_001-M-23-20240417,A00000159718,HARV_001-M-23-20240417-PH,NEON.DOC.014048vP,M,4.68,4.12,10.2,20,2,10.2,40,3.9,NA,0000-0003-3463-8507,NA,20251217T194025Z,RELEASE-2026
4c17c62e-6f43-40ba-b94e-04bf4e92789b,D01,HARV,HARV_001,HARV_001.basePlot.bgc,2024-04-17T16:12:00Z,2024-04-17T16:12:00Z,2024-05-16,HARV_001-O-23-20240417,A00000159715,HARV_001-O-23-20240417-PH,NEON.DOC.014048vP,O,3.92,3.22,2.6,20,7.6,2.6,40,15.3,NA,0000-0003-3463-8507,NA,20251217T194025Z,RELEASE-2026
81dbcfdc-bd73-4e9e-a9db-ae4515eba43a,D01,HARV,HARV_001,HARV_001.basePlot.bgc,2024-04-17T16:42:00Z,2024-04-17T16:42:00Z,2024-05-16,HARV_001-M-41-20240417,A00000159714,HARV_001-M-41-20240417-PH,NEON.DOC.014048vP,M,4.88,4.27,10.2,20,2,10.2,40,3.9,NA,0000-0003-3463-8507,NA,20251217T194025Z,RELEASE-2026
3200fbb9-3a67-4f0e-9245-45a6c177be4d,D01,HARV,HARV_004,HARV_004.basePlot.bgc,2024-04-17T18:14:00Z,2024-04-17T18:14:00Z,2024-05-16,HARV_004-M-41-20240417,A00000160772,HARV_004-M-41-20240417-PH,NEON.DOC.014048vP,M,5.1,4.27,9.9,10,1,9.9,20,2,NA,0000-0003-3463-8507,NA,20251217T194025Z,RELEASE-2026
1411902a-2210-4774-ad6a-42a7d8db4cbb,D01,HARV,HARV_004,HARV_004.basePlot.bgc,2024-04-17T18:14:00Z,2024-04-17T18:14:00Z,2024-05-16,HARV_004-O-41-20240417,A00000160769,HARV_004-O-41-20240417-PH,NEON.DOC.014048vP,O,4.87,4.13,2.5,20,8,2.5,40,16.1,NA,0000-0003-3463-8507,NA,20251217T194025Z,RELEASE-2026
04eedbaa-ba04-4702-8a4d-9be7da2bf841,D01,HARV,HARV_004,HARV_004.basePlot.bgc,2024-04-17T18:47:00Z,2024-04-17T18:47:00Z,2024-05-16,HARV_004-O-23-20240417,A00000160770,HARV_004-O-23-20240417-PH,NEON.DOC.014048vP,O,5.05,4.44,2.5,20,7.9,2.5,40,15.8,NA,0000-0003-3463-8507,NA,20251217T194025Z,RELEASE-2026
dc792db3-efc4-4da5-bba4-4e1917e8c5d3,D01,HARV,HARV_004,HARV_004.basePlot.bgc,2024-04-17T18:47:00Z,2024-04-17T18:47:00Z,2024-05-16,HARV_004-M-23-20240417,A00000160773,HARV_004-M-23-20240417-PH,NEON.DOC.014048vP,M,5.13,4.27,9.8,10,1,9.8,20,2,NA,0000-0003-3463-8507,NA,20251217T194025Z,RELEASE-2026
c2b67edb-7540-49f0-8a39-8da04ab08fcc,D01,HARV,HARV_021,HARV_021.basePlot.bgc,2024-04-23T14:22:00Z,2024-04-23T14:22:00Z,2024-05-17,HARV_021-M-39-20240423,A00000159730,HARV_021-M-39-20240423-PH,NEON.DOC.014048vP,M,4.57,3.95,10.1,10,1,10.1,20,2,NA,0000-0003-3463-8507,NA,20251217T194025Z,RELEASE-2026
0bb63e92-59bf-4818-ac9c-d4bf8a5200de,D01,HARV,HARV_021,HARV_021.basePlot.bgc,2024-04-23T14:22:00Z,2024-04-23T14:22:00Z,2024-05-16,HARV_021-O-39-20240423,A00000159727,HARV_021-O-39-20240423-PH,NEON.DOC.014048vP,O,3.58,2.86,2.6,20,7.8,2.6,40,15.7,NA,0000-0003-3463-8507,NA,20251217T194025Z,RELEASE-2026
b2e4bc24-6f18-4352-aa11-f03b6f50d4ec,D01,HARV,HARV_021,HARV_021.basePlot.bgc,2024-04-23T14:53:00Z,2024-04-23T14:53:00Z,2024-05-16,HARV_021-M-41-20240423,A00000159729,HARV_021-M-41-20240423-PH,NEON.DOC.014048vP,M,5.01,4.22,9.9,10,1,9.9,20,2,NA,0000-0003-3463-8507,NA,20251217T194025Z,RELEASE-2026
be81a7d7-7904-47e0-987b-573565022d4f,D01,HARV,HARV_021,HARV_021.basePlot.bgc,2024-04-23T14:53:00Z,2024-04-23T14:53:00Z,2024-05-16,HARV_021-O-41-20240423,A00000159726,HARV_021-O-41-20240423-PH,NEON.DOC.014048vP,O,3.5,2.78,2.5,20,7.9,2.5,40,15.7,NA,0000-0003-3463-8507,NA,20251217T194025Z,RELEASE-2026
84ee81a2-cbad-4e2e-a173-7cf70b7cdf0f,D01,HARV,HARV_002,HARV_002.basePlot.bgc,2024-04-23T16:20:00Z,2024-04-23T16:20:00Z,2024-05-16,HARV_002-O-21-20240423,A00000159720,HARV_002-O-21-20240423-PH,NEON.DOC.014048vP,O,4.66,3.89,2.6,20,7.8,2.6,40,15.6,NA,0000-0003-3463-8507,NA,20251217T194025Z,RELEASE-2026
3833fa8a-f776-44ab-9563-458d6112e90c,D01,HARV,HARV_002,HARV_002.basePlot.bgc,2024-04-23T16:20:00Z,2024-04-23T16:20:00Z,2024-05-16,HARV_002-M-21-20240423,A00000159723,HARV_002-M-21-20240423-PH,NEON.DOC.014048vP,M,4.95,4.15,10,10,1,10,20,2,NA,0000-0003-3463-8507,NA,20251217T194025Z,RELEASE-2026
5c2b1f91-f78b-409f-8964-441776a584be,D01,HARV,HARV_002,HARV_002.basePlot.bgc,2024-04-23T16:49:00Z,2024-04-23T16:49:00Z,2024-05-16,HARV_002-O-41-20240423,A00000159721,HARV_002-O-41-20240423-PH,NEON.DOC.014048vP,O,3.86,3.15,2.6,20,7.8,2.6,40,15.6,NA,0000-0003-3463-8507,NA,20251217T194025Z,RELEASE-2026
3fcd66cc-c4f8-487d-81ba-2084273e1a62,D01,HARV,HARV_002,HARV_002.basePlot.bgc,2024-04-23T16:49:00Z,2024-04-23T16:49:00Z,2024-05-17,HARV_002-M-41-20240423,A00000159724,HARV_002-M-41-20240423-PH,NEON.DOC.014048vP,M,4.42,3.82,10.2,20,2,10.2,40,3.9,NA,0000-0003-3463-8507,NA,20251217T194025Z,RELEASE-2026
4198914f-d239-4f07-a29d-caff3490d166,D01,HARV,HARV_005,HARV_005.basePlot.bgc,2024-04-23T18:09:00Z,2024-04-23T18:09:00Z,2024-05-17,HARV_005-M-21-20240423,A00000160779,HARV_005-M-21-20240423-PH,NEON.DOC.014048vP,M,4.96,4.15,10.3,10,1,10.3,20,1.9,NA,0000-0003-3463-8507,NA,20251217T194025Z,RELEASE-2026
902a1f6d-0baf-4552-b66f-9ab7129e9d66,D01,HARV,HARV_005,HARV_005.basePlot.bgc,2024-04-23T18:09:00Z,2024-04-23T18:09:00Z,2024-05-16,HARV_005-O-21-20240423,A00000160776,HARV_005-O-21-20240423-PH,NEON.DOC.014048vP,O,4.43,3.72,2.5,20,8.2,2.5,40,16.3,NA,0000-0003-3463-8507,NA,20251217T194025Z,RELEASE-2026
b5568261-1036-40df-9c3e-d5776ef38cc2,D01,HARV,HARV_005,HARV_005.basePlot.bgc,2024-04-23T18:35:00Z,2024-04-23T18:35:00Z,2024-05-16,HARV_005-M-23-20240423,A00000160778,HARV_005-M-23-20240423-PH,NEON.DOC.014048vP,M,4.95,4.3,10,10,1,10,20,2,NA,0000-0003-3463-8507,NA,20251217T194025Z,RELEASE-2026
974cd7c1-4580-4dfe-9fdb-3544a9b0edcf,D01,HARV,HARV_005,HARV_005.basePlot.bgc,2024-04-23T18:35:00Z,2024-04-23T18:35:00Z,2024-05-16,HARV_005-O-23-20240423,A00000160775,HARV_005-O-23-20240423-PH,NEON.DOC.014048vP,O,3.96,3.2,2.6,20,7.8,2.6,40,15.6,NA,0000-0003-3463-8507,NA,20251217T194025Z,RELEASE-2026
e265f113-ae8d-46e3-972a-491d140de211,D01,HARV,HARV_035,HARV_035.basePlot.bgc,2024-10-15T13:20:00Z,2024-10-15T13:20:00Z,2024-12-04,HARV_035-O-21-20241015,A00000156072,HARV_035-O-21-20241015-PH,NEON.DOC.014048vP,O,3.42,2.83,2.5,20,8,2.5,40,15.9,NA,0000-0003-3463-8507,NA,20251217T193645Z,RELEASE-2026
1e0fe0d0-abc5-4852-8a44-f27e1fb9da91,D01,HARV,HARV_035,HARV_035.basePlot.bgc,2024-10-15T13:20:00Z,2024-10-15T13:20:00Z,2024-12-03,HARV_035-M-21-20241015,A00000156075,HARV_035-M-21-20241015-PH,NEON.DOC.014048vP,M,4.31,3.88,10.5,10,1,10.5,20,1.9,NA,0000-0003-3463-8507,NA,20251217T193645Z,RELEASE-2026
a003b61e-dbb7-4699-8153-47cd86e469ac,D01,HARV,HARV_035,HARV_035.basePlot.bgc,2024-10-15T13:54:00Z,2024-10-15T13:54:00Z,2024-12-03,HARV_035-M-39-20241015,A00000156074,HARV_035-M-39-20241015-PH,NEON.DOC.014048vP,M,4.28,3.65,10,10,1,10,20,2,NA,0000-0003-3463-8507,NA,20251217T193645Z,RELEASE-2026
5a44cd80-8b30-4a68-b66f-c2a2ea078ebc,D01,HARV,HARV_035,HARV_035.basePlot.bgc,2024-10-15T13:54:00Z,2024-10-15T13:54:00Z,2024-11-27,HARV_035-O-39-20241015,A00000156071,HARV_035-O-39-20241015-PH,NEON.DOC.014048vP,O,3.43,2.82,2.5,20,7.9,2.5,40,15.7,NA,0000-0003-3463-8507,NA,20251217T193645Z,RELEASE-2026
9e5fb38b-e044-4d8a-ab6c-b8a21716f67c,D01,HARV,HARV_035,HARV_035.basePlot.bgc,2024-10-15T14:30:00Z,2024-10-15T14:30:00Z,2024-12-03,HARV_035-M-41-20241015,A00000156073,HARV_035-M-41-20241015-PH,NEON.DOC.014048vP,M,4.32,3.63,10.3,10,1,10.3,20,1.9,NA,0000-0003-3463-8507,NA,20251217T193645Z,RELEASE-2026
ceacadca-85f9-4b23-80cb-c7da7289c543,D01,HARV,HARV_035,HARV_035.basePlot.bgc,2024-10-15T14:30:00Z,2024-10-15T14:30:00Z,2024-12-04,HARV_035-O-41-20241015,A00000156070,HARV_035-O-41-20241015-PH,NEON.DOC.014048vP,O,3.23,2.66,2.6,20,7.8,2.6,40,15.7,NA,0000-0003-3463-8507,NA,20251217T193645Z,RELEASE-2026
63250ca5-ccd4-4eae-8bf0-f5fa12a5df69,D01,HARV,HARV_033,HARV_033.basePlot.bgc,2024-10-15T15:07:00Z,2024-10-15T15:07:00Z,2024-12-04,HARV_033-M-23-20241015,A00000321419,HARV_033-M-23-20241015-PH,NEON.DOC.014048vP,M,3.7,3.19,9.9,10,1,9.9,20,2,NA,0000-0003-3463-8507,NA,20251217T193645Z,RELEASE-2026
ef7de192-c53e-4269-a40e-140025fe1768,D01,HARV,HARV_033,HARV_033.basePlot.bgc,2024-10-15T15:07:00Z,2024-10-15T15:07:00Z,2024-11-27,HARV_033-O-23-20241015,A00000321420,HARV_033-O-23-20241015-PH,NEON.DOC.014048vP,O,3.31,2.73,2.6,20,7.8,2.6,40,15.6,NA,0000-0003-3463-8507,NA,20251217T193645Z,RELEASE-2026
496fffc3-4598-47d8-81c4-7e14336cbca3,D01,HARV,HARV_037,HARV_037.basePlot.bgc,2024-10-15T15:46:00Z,2024-10-15T15:46:00Z,2024-12-04,HARV_037-M-41-20241015,A00000156080,HARV_037-M-41-20241015-PH,NEON.DOC.014048vP,M,3.59,3.26,5.5,10,1.8,5.5,20,3.7,Unusually fluffy m horizon,0000-0003-3463-8507,NA,20251217T193645Z,RELEASE-2026
28d4d73f-bf23-43cf-9150-5fd5b26a30fd,D01,HARV,HARV_037,HARV_037.basePlot.bgc,2024-10-15T15:46:00Z,2024-10-15T15:46:00Z,2024-11-27,HARV_037-O-41-20241015,A00000156077,HARV_037-O-41-20241015-PH,NEON.DOC.014048vP,O,3.73,3.36,2.5,20,8.1,2.5,40,16.1,NA,0000-0003-3463-8507,NA,20251217T193645Z,RELEASE-2026
85deae10-6720-420a-8dbc-905172116543,D01,HARV,HARV_033,HARV_033.basePlot.bgc,2024-10-15T15:48:00Z,2024-10-15T15:48:00Z,2024-11-27,HARV_033-O-39-20241015,A00000321436,HARV_033-O-39-20241015-PH,NEON.DOC.014048vP,O,3.78,3.19,2.6,20,7.8,2.6,40,15.5,NA,0000-0003-3463-8507,NA,20251217T193645Z,RELEASE-2026
b3a2c9a2-6313-4f59-afb6-645d61ac702e,D01,HARV,HARV_033,HARV_033.basePlot.bgc,2024-10-15T15:48:00Z,2024-10-15T15:48:00Z,2024-12-04,HARV_033-M-39-20241015,A00000321468,HARV_033-M-39-20241015-PH,NEON.DOC.014048vP,M,3.54,3.01,5.2,10,1.9,5.2,20,3.9,Unusually fluffy m horizon,0000-0003-3463-8507,NA,20251217T193645Z,RELEASE-2026
66ae545b-4392-4649-9d11-ff890dd82e81,D01,HARV,HARV_037,HARV_037.basePlot.bgc,2024-10-15T16:30:00Z,2024-10-15T16:30:00Z,2024-11-27,HARV_037-O-23-20241015,A00000156076,HARV_037-O-23-20241015-PH,NEON.DOC.014048vP,O,4.06,3.39,2.6,20,7.8,2.6,40,15.6,NA,0000-0003-3463-8507,NA,20251217T193645Z,RELEASE-2026
187beb2a-536d-4f16-96b3-b319046dda68,D01,HARV,HARV_037,HARV_037.basePlot.bgc,2024-10-15T16:30:00Z,2024-10-15T16:30:00Z,2024-12-03,HARV_037-M-23-20241015,A00000156079,HARV_037-M-23-20241015-PH,NEON.DOC.014048vP,M,4.16,3.53,5,20,4,5,40,8.1,Unusually fluffy m horizon,0000-0003-3463-8507,NA,20251217T193645Z,RELEASE-2026
fe685ad2-9c1f-4bc6-9be1-62ad5f395fc1,D01,HARV,HARV_033,HARV_033.basePlot.bgc,2024-10-15T16:31:00Z,2024-10-15T16:31:00Z,2024-11-27,HARV_033-O-41-20241015,A00000321452,HARV_033-O-41-20241015-PH,NEON.DOC.014048vP,O,3.59,2.9,2.5,20,7.9,2.5,40,15.8,NA,0000-0003-3463-8507,NA,20251217T193645Z,RELEASE-2026
f6df2301-308a-4cd5-9e83-e1e3815103db,D01,HARV,HARV_033,HARV_033.basePlot.bgc,2024-10-15T16:31:00Z,2024-10-15T16:31:00Z,2024-12-04,HARV_033-M-41-20241015,A00000321467,HARV_033-M-41-20241015-PH,NEON.DOC.014048vP,M,3.99,3.62,9.6,20,2.1,9.6,40,4.2,NA,0000-0003-3463-8507,NA,20251217T193645Z,RELEASE-2026
e39d5fbb-c58e-4717-abf4-293878f1eee4,D01,HARV,HARV_037,HARV_037.basePlot.bgc,2024-10-15T17:24:00Z,2024-10-15T17:24:00Z,2024-12-03,HARV_037-M-39-20241015,A00000156078,HARV_037-M-39-20241015-PH,NEON.DOC.014048vP,M,4.2,3.59,10.1,10,1,10.1,20,2,NA,0000-0003-3463-8507,NA,20251217T193645Z,RELEASE-2026
64104126-b18e-4d9d-88e3-7cd08fece643,D01,HARV,HARV_034,HARV_034.basePlot.bgc,2024-10-15T18:21:00Z,2024-10-15T18:21:00Z,2024-12-04,HARV_034-M-41-20241015,A00000321450,HARV_034-M-41-20241015-PH,NEON.DOC.014048vP,M,3.37,2.8,9.8,20,2.1,9.8,40,4.1,NA,0000-0003-3463-8507,NA,20251217T193645Z,RELEASE-2026
1f6510c0-9b4e-41bc-9c7c-5f7f2bd3cd01,D01,HARV,HARV_034,HARV_034.basePlot.bgc,2024-10-15T18:21:00Z,2024-10-15T18:21:00Z,2024-11-27,HARV_034-O-41-20241015,A00000321451,HARV_034-O-41-20241015-PH,NEON.DOC.014048vP,O,3.38,2.77,2.6,20,7.8,2.6,40,15.7,NA,0000-0003-3463-8507,NA,20251217T193645Z,RELEASE-2026
75fe3aaa-0983-444b-8109-682e31aed041,D01,HARV,HARV_034,HARV_034.basePlot.bgc,2024-10-15T18:32:00Z,2024-10-15T18:32:00Z,2024-11-27,HARV_034-O-21-20241015,A00000321466,HARV_034-O-21-20241015-PH,NEON.DOC.014048vP,O,3.4,2.83,2.5,20,8.1,2.5,40,16.2,NA,0000-0003-3463-8507,NA,20251217T193645Z,RELEASE-2026
b4258a29-4f8f-4bba-ba82-5392a428268d,D01,HARV,HARV_034,HARV_034.basePlot.bgc,2024-10-15T18:32:00Z,2024-10-15T18:32:00Z,2024-12-04,HARV_034-M-21-20241015,A00000321464,HARV_034-M-21-20241015-PH,NEON.DOC.014048vP,M,4.01,3.43,9.6,10,1,9.6,20,2.1,NA,0000-0003-3463-8507,NA,20251217T193645Z,RELEASE-2026
76c3eed6-5a49-4542-bd2c-a2cb785a8e15,D01,HARV,HARV_034,HARV_034.basePlot.bgc,2024-10-15T18:51:00Z,2024-10-15T18:51:00Z,2024-12-04,HARV_034-O-23-20241015,A00000321435,HARV_034-O-23-20241015-PH,NEON.DOC.014048vP,O,3.42,2.8,2.5,20,8,2.5,40,16.1,NA,0000-0003-3463-8507,NA,20251217T193645Z,RELEASE-2026
f5ddb7b6-a06c-424a-a72a-bd8aabc40cc3,D01,HARV,HARV_034,HARV_034.basePlot.bgc,2024-10-15T18:51:00Z,2024-10-15T18:51:00Z,2024-12-03,HARV_034-M-23-20241015,A00000321465,HARV_034-M-23-20241015-PH,NEON.DOC.014048vP,M,3.85,3.27,10,10,1,10,20,2,NA,0000-0003-3463-8507,NA,20251217T193645Z,RELEASE-2026
0139b89d-574e-4e12-8014-451d763d0d9b,D01,HARV,HARV_013,HARV_013.basePlot.bgc,2024-10-16T15:25:00Z,2024-10-16T15:25:00Z,2024-12-03,HARV_013-M-39-20241016,A00000156055,HARV_013-M-39-20241016-PH,NEON.DOC.014048vP,M,5.02,4.42,10.3,10,1,10.3,20,1.9,NA,0000-0003-3463-8507,NA,20251217T193645Z,RELEASE-2026
091819ba-552d-4c0d-b10d-5c32f75e39e2,D01,HARV,HARV_013,HARV_013.basePlot.bgc,2024-10-16T15:49:00Z,2024-10-16T15:49:00Z,2024-12-04,HARV_013-M-23-20241016,A00000156056,HARV_013-M-23-20241016-PH,NEON.DOC.014048vP,M,4.83,4.29,10.5,10,1,10.5,20,1.9,NA,0000-0003-3463-8507,NA,20251217T193645Z,RELEASE-2026
040ec4a1-7d11-499e-8606-20f98f0cc250,D01,HARV,HARV_004,HARV_004.basePlot.bgc,2024-10-16T16:59:00Z,2024-10-16T16:59:00Z,2024-12-03,HARV_004-M-39-20241016,A00000156042,HARV_004-M-39-20241016-PH,NEON.DOC.014048vP,M,4.97,4.32,10.3,10,1,10.3,20,1.9,NA,0000-0003-3463-8507,NA,20251217T193645Z,RELEASE-2026
6e5307a4-d65f-44b2-ba02-8b55963c46df,D01,HARV,HARV_004,HARV_004.basePlot.bgc,2024-10-16T16:59:00Z,2024-10-16T16:59:00Z,2024-11-27,HARV_004-O-39-20241016,A00000156039,HARV_004-O-39-20241016-PH,NEON.DOC.014048vP,O,4.49,3.71,2.5,20,8,2.5,40,15.9,NA,0000-0003-3463-8507,NA,20251217T193645Z,RELEASE-2026
eb08b371-070e-4309-a34f-eaea74a144f5,D01,HARV,HARV_004,HARV_004.basePlot.bgc,2024-10-16T17:39:00Z,2024-10-16T17:39:00Z,2024-11-27,HARV_004-O-21-20241016,A00000156040,HARV_004-O-21-20241016-PH,NEON.DOC.014048vP,O,4.12,3.42,2.5,20,7.9,2.5,40,15.9,NA,0000-0003-3463-8507,NA,20251217T193645Z,RELEASE-2026
aad10f70-b15a-403b-94a3-d06c210b1bb0,D01,HARV,HARV_004,HARV_004.basePlot.bgc,2024-10-16T17:39:00Z,2024-10-16T17:39:00Z,2024-12-04,HARV_004-M-21-20241016,A00000156043,HARV_004-M-21-20241016-PH,NEON.DOC.014048vP,M,4.62,4.04,10.4,10,1,10.4,20,1.9,NA,0000-0003-3463-8507,NA,20251217T193645Z,RELEASE-2026
c9681630-0bf4-4785-899f-5df76fbb190c,D01,HARV,HARV_005,HARV_005.basePlot.bgc,2024-10-17T14:08:00Z,2024-10-17T14:08:00Z,2024-12-04,HARV_005-M-39-20241017,A00000156049,HARV_005-M-39-20241017-PH,NEON.DOC.014048vP,M,4.63,4.02,10.1,10,1,10.1,20,2,NA,0000-0003-3463-8507,NA,20251217T193645Z,RELEASE-2026
a11c8976-8878-4519-a899-2677b79982e3,D01,HARV,HARV_005,HARV_005.basePlot.bgc,2024-10-17T14:41:00Z,2024-10-17T14:41:00Z,2024-12-04,HARV_005-M-41-20241017,A00000156048,HARV_005-M-41-20241017-PH,NEON.DOC.014048vP,M,4.62,3.9,10.1,10,1,10.1,20,2,NA,0000-0003-3463-8507,NA,20251217T193645Z,RELEASE-2026
c29ea255-fceb-4ccc-8625-da1105d5d0c1,D01,HARV,HARV_005,HARV_005.basePlot.bgc,2024-10-17T14:41:00Z,2024-10-17T14:41:00Z,2024-11-27,HARV_005-O-41-20241017,A00000156045,HARV_005-O-41-20241017-PH,NEON.DOC.014048vP,O,4.39,3.95,2.6,20,7.8,2.6,40,15.6,NA,0000-0003-3463-8507,NA,20251217T193645Z,RELEASE-2026
02903685-e050-4932-88a1-4b4272224d9d,D01,HARV,HARV_005,HARV_005.basePlot.bgc,2024-10-17T15:19:00Z,2024-10-17T15:19:00Z,2024-11-27,HARV_005-O-23-20241017,A00000156047,HARV_005-O-23-20241017-PH,NEON.DOC.014048vP,O,4.08,3.53,2.5,20,7.9,2.5,40,15.8,NA,0000-0003-3463-8507,NA,20251217T193645Z,RELEASE-2026
ecaf432e-c16b-4f9e-8edd-5016466e858d,D01,HARV,HARV_005,HARV_005.basePlot.bgc,2024-10-17T15:19:00Z,2024-10-17T15:19:00Z,2024-12-04,HARV_005-M-23-20241017,A00000156051,HARV_005-M-23-20241017-PH,NEON.DOC.014048vP,M,4.8,4.29,9.6,10,1,9.6,20,2.1,NA,0000-0003-3463-8507,NA,20251217T193645Z,RELEASE-2026
9de84ff9-c6f9-491e-b32c-3034ce1a6737,D01,HARV,HARV_002,HARV_002.basePlot.bgc,2024-10-17T17:11:00Z,2024-10-17T17:11:00Z,2024-12-04,HARV_002-M-21-20241017,A00000156037,HARV_002-M-21-20241017-PH,NEON.DOC.014048vP,M,4.68,4.07,10.4,10,1,10.4,20,1.9,NA,0000-0003-3463-8507,NA,20251217T193645Z,RELEASE-2026
3864ebcd-53e5-4e55-99bc-1029f04e0d3a,D01,HARV,HARV_002,HARV_002.basePlot.bgc,2024-10-17T17:47:00Z,2024-10-17T17:47:00Z,2024-11-27,HARV_002-O-23-20241017,A00000156035,HARV_002-O-23-20241017-PH,NEON.DOC.014048vP,O,4,3.74,2.5,20,8.1,2.5,40,16.3,NA,0000-0003-3463-8507,NA,20251217T193645Z,RELEASE-2026
ba29c9dc-2dd5-4092-bfbd-36506bbdfe50,D01,HARV,HARV_002,HARV_002.basePlot.bgc,2024-10-17T17:47:00Z,2024-10-17T17:47:00Z,2024-12-04,HARV_002-M-23-20241017,A00000156038,HARV_002-M-23-20241017-PH,NEON.DOC.014048vP,M,3.3,2.79,5.1,20,3.9,5.1,40,7.8,Unusually fluffy m horizon,0000-0003-3463-8507,NA,20251217T193645Z,RELEASE-2026
1d039484-045c-49db-bfc4-0cb2860e7508,D01,HARV,HARV_002,HARV_002.basePlot.bgc,2024-10-17T18:29:00Z,2024-10-17T18:29:00Z,2024-12-03,HARV_002-M-41-20241017,A00000156036,HARV_002-M-41-20241017-PH,NEON.DOC.014048vP,M,4.63,4.12,9.7,10,1,9.7,20,2.1,NA,0000-0003-3463-8507,NA,20251217T193645Z,RELEASE-2026
7c7a5065-6e0c-40df-a108-c0b84a5f12da,D01,HARV,HARV_002,HARV_002.basePlot.bgc,2024-10-17T18:29:00Z,2024-10-17T18:29:00Z,2024-12-04,HARV_002-O-41-20241017,A00000156050,HARV_002-O-41-20241017-PH,NEON.DOC.014048vP,O,3.96,3.38,2.5,20,7.9,2.5,40,15.9,NA,0000-0003-3463-8507,NA,20251217T193645Z,RELEASE-2026
acdb8e93-5052-4609-b6ea-c91f173b94de,D01,HARV,HARV_001,HARV_001.basePlot.bgc,2024-10-21T13:13:00Z,2024-10-21T13:13:00Z,2024-12-03,HARV_001-M-41-20241021,A00000155998,HARV_001-M-41-20241021-PH,NEON.DOC.014048vP,M,4.66,4.19,9.8,10,1,9.8,20,2,NA,0000-0003-3463-8507,NA,20251217T193645Z,RELEASE-2026
c209af21-22f4-447d-a7fd-1758d720ec25,D01,HARV,HARV_001,HARV_001.basePlot.bgc,2024-10-21T13:13:00Z,2024-10-21T13:13:00Z,2024-12-03,HARV_001-M-21-20241021,A00000156003,HARV_001-M-21-20241021-PH,NEON.DOC.014048vP,M,4.79,4.61,10.2,10,1,10.2,20,2,NA,0000-0003-3463-8507,NA,20251217T193645Z,RELEASE-2026
e04e67b5-9819-4553-9749-860271f35e93,D01,HARV,HARV_001,HARV_001.basePlot.bgc,2024-10-21T13:13:00Z,2024-10-21T13:13:00Z,2024-11-27,HARV_001-O-21-20241021,A00000156000,HARV_001-O-21-20241021-PH,NEON.DOC.014048vP,O,4.04,3.36,2.5,20,8.1,2.5,40,16.1,NA,0000-0003-3463-8507,NA,20251217T193645Z,RELEASE-2026
be702fc0-bee2-499c-9699-bc5a6f3b4801,D01,HARV,HARV_001,HARV_001.basePlot.bgc,2024-10-21T14:15:00Z,2024-10-21T14:15:00Z,2024-12-03,HARV_001-M-39-20241021,A00000156002,HARV_001-M-39-20241021-PH,NEON.DOC.014048vP,M,4.57,3.94,9.9,10,1,9.9,20,2,NA,0000-0003-3463-8507,NA,20251217T193645Z,RELEASE-2026
3c5edaff-41fd-4730-aa05-18eccf625649,D01,HARV,HARV_021,HARV_021.basePlot.bgc,2024-10-21T16:04:00Z,2024-10-21T16:04:00Z,2024-12-03,HARV_021-M-21-20241021,A00000156082,HARV_021-M-21-20241021-PH,NEON.DOC.014048vP,M,3.37,2.81,5.2,20,3.9,5.2,40,7.8,Unusually fluffy m horizon,0000-0003-3463-8507,NA,20251217T193645Z,RELEASE-2026
0fa68576-1c15-4923-9758-32bbe20c799f,D01,HARV,HARV_021,HARV_021.basePlot.bgc,2024-10-21T16:36:00Z,2024-10-21T16:36:00Z,2024-11-27,HARV_021-O-41-20241021,A00000156060,HARV_021-O-41-20241021-PH,NEON.DOC.014048vP,O,3.3,2.67,2.5,20,8.2,2.5,40,16.3,NA,0000-0003-3463-8507,NA,20251217T193645Z,RELEASE-2026
2cbbcbd6-04b0-4bc7-9661-7b4854eaf9e8,D01,HARV,HARV_021,HARV_021.basePlot.bgc,2024-10-21T16:36:00Z,2024-10-21T16:36:00Z,2024-12-03,HARV_021-M-41-20241021,A00000156086,HARV_021-M-41-20241021-PH,NEON.DOC.014048vP,M,3.82,3.3,10.2,20,2,10.2,40,3.9,NA,0000-0003-3463-8507,NA,20251217T193645Z,RELEASE-2026
d4227757-1ae7-43a8-96a7-079e33a21e8d,D01,HARV,HARV_021,HARV_021.basePlot.bgc,2024-10-21T17:24:00Z,2024-10-21T17:24:00Z,2024-12-03,HARV_021-M-39-20241021,A00000156058,HARV_021-M-39-20241021-PH,NEON.DOC.014048vP,M,4.48,3.96,10.3,10,1,10.3,20,1.9,NA,0000-0003-3463-8507,NA,20251217T193645Z,RELEASE-2026
